building_id,weather_id,sensor_id,units_consumed,peak_load,cost,record_time
1,1,1,192,57.6,1632.0,2025-01-01 12:00:00
1,2,1,206,61.8,1751.0,2025-01-02 12:00:00
1,3,1,120,36.0,1020.0,2025-01-03 12:00:00
1,4,1,221,66.3,1878.5,2025-01-04 12:00:00
1,5,1,214,64.2,1819.0,2025-01-05 12:00:00
1,6,1,187,56.1,1589.5,2025-01-06 12:00:00
1,7,1,239,71.7,2031.5,2025-01-07 12:00:00
1,8,1,230,69.0,1955.0,2025-01-08 12:00:00
1,9,1,192,57.6,1632.0,2025-01-09 12:00:00
1,10,1,187,56.1,1589.5,2025-01-10 12:00:00
1,11,1,137,41.1,1164.5,2025-01-11 12:00:00
1,12,1,120,36.0,1020.0,2025-01-12 12:00:00
1,13,1,157,47.1,1334.5,2025-01-13 12:00:00
1,14,1,228,68.4,1938.0,2025-01-14 12:00:00
1,15,1,158,47.4,1343.0,2025-01-15 12:00:00
1,16,1,114,34.2,969.0,2025-01-16 12:00:00
1,17,1,150,45.0,1275.0,2025-01-17 12:00:00
1,18,1,154,46.2,1309.0,2025-01-18 12:00:00
1,19,1,203,60.9,1725.5,2025-01-19 12:00:00
1,20,1,270,81.0,2295.0,2025-01-20 12:00:00
1,21,1,150,45.0,1275.0,2025-01-21 12:00:00
1,22,1,120,36.0,1020.0,2025-01-22 12:00:00
1,23,1,117,35.1,994.5,2025-01-23 12:00:00
1,24,1,188,56.4,1598.0,2025-01-24 12:00:00
1,25,1,108,32.4,918.0,2025-01-25 12:00:00
1,26,1,192,57.6,1632.0,2025-01-26 12:00:00
1,27,1,183,54.9,1555.5,2025-01-27 12:00:00
1,28,1,107,32.1,909.5,2025-01-28 12:00:00
1,29,1,134,40.2,1139.0,2025-01-29 12:00:00
1,30,1,180,54.0,1530.0,2025-01-30 12:00:00
1,31,1,149,44.7,1266.5,2025-02-01 12:00:00
1,32,1,231,69.3,1963.5,2025-02-02 12:00:00
1,33,1,233,69.9,1980.5,2025-02-03 12:00:00
1,34,1,245,73.5,2082.5,2025-02-04 12:00:00
1,35,1,153,45.9,1300.5,2025-02-05 12:00:00
1,36,1,143,42.9,1215.5,2025-02-06 12:00:00
1,37,1,113,33.9,960.5,2025-02-07 12:00:00
1,38,1,114,34.2,969.0,2025-02-08 12:00:00
1,39,1,139,41.7,1181.5,2025-02-09 12:00:00
1,40,1,221,66.3,1878.5,2025-02-10 12:00:00
1,41,1,152,45.6,1292.0,2025-02-11 12:00:00
1,42,1,263,78.9,2235.5,2025-02-12 12:00:00
1,43,1,140,42.0,1190.0,2025-02-13 12:00:00
1,44,1,144,43.2,1224.0,2025-02-14 12:00:00
1,45,1,188,56.4,1598.0,2025-02-15 12:00:00
1,46,1,108,32.4,918.0,2025-02-16 12:00:00
1,47,1,268,80.4,2278.0,2025-02-17 12:00:00
1,48,1,235,70.5,1997.5,2025-02-18 12:00:00
1,49,1,202,60.6,1717.0,2025-02-19 12:00:00
1,50,1,180,54.0,1530.0,2025-02-20 12:00:00
1,51,1,132,39.6,1122.0,2025-02-21 12:00:00
1,52,1,144,43.2,1224.0,2025-02-22 12:00:00
1,53,1,140,42.0,1190.0,2025-02-23 12:00:00
1,54,1,171,51.3,1453.5,2025-02-24 12:00:00
1,55,1,132,39.6,1122.0,2025-02-25 12:00:00
1,56,1,161,48.3,1368.5,2025-02-26 12:00:00
1,57,1,176,52.8,1496.0,2025-02-27 12:00:00
1,58,1,203,60.9,1725.5,2025-02-28 12:00:00
1,59,1,174,52.2,1479.0,2025-02-29 12:00:00
1,60,1,200,60.0,1700.0,2025-02-30 12:00:00
1,61,1,230,69.0,1955.0,2025-03-01 12:00:00
1,62,1,104,31.2,884.0,2025-03-02 12:00:00
1,63,1,281,84.3,2388.5,2025-03-03 12:00:00
1,64,1,126,37.8,1071.0,2025-03-04 12:00:00
1,65,1,114,34.2,969.0,2025-03-05 12:00:00
1,66,1,181,54.3,1538.5,2025-03-06 12:00:00
1,67,1,162,48.6,1377.0,2025-03-07 12:00:00
1,68,1,151,45.3,1283.5,2025-03-08 12:00:00
1,69,1,242,72.6,2057.0,2025-03-09 12:00:00
1,70,1,128,38.4,1088.0,2025-03-10 12:00:00
1,71,1,112,33.6,952.0,2025-03-11 12:00:00
1,72,1,185,55.5,1572.5,2025-03-12 12:00:00
1,73,1,144,43.2,1224.0,2025-03-13 12:00:00
1,74,1,273,81.9,2320.5,2025-03-14 12:00:00
1,75,1,143,42.9,1215.5,2025-03-15 12:00:00
1,76,1,169,50.7,1436.5,2025-03-16 12:00:00
1,77,1,227,68.1,1929.5,2025-03-17 12:00:00
1,78,1,231,69.3,1963.5,2025-03-18 12:00:00
1,79,1,268,80.4,2278.0,2025-03-19 12:00:00
1,80,1,166,49.8,1411.0,2025-03-20 12:00:00
1,81,1,255,76.5,2167.5,2025-03-21 12:00:00
1,82,1,102,30.6,867.0,2025-03-22 12:00:00
1,83,1,236,70.8,2006.0,2025-03-23 12:00:00
1,84,1,150,45.0,1275.0,2025-03-24 12:00:00
1,85,1,158,47.4,1343.0,2025-03-25 12:00:00
1,86,1,235,70.5,1997.5,2025-03-26 12:00:00
1,87,1,252,75.6,2142.0,2025-03-27 12:00:00
1,88,1,151,45.3,1283.5,2025-03-28 12:00:00
1,89,1,138,41.4,1173.0,2025-03-29 12:00:00
1,90,1,230,69.0,1955.0,2025-03-30 12:00:00
1,91,1,200,60.0,1700.0,2025-04-01 12:00:00
1,92,1,180,54.0,1530.0,2025-04-02 12:00:00
1,93,1,252,75.6,2142.0,2025-04-03 12:00:00
1,94,1,229,68.7,1946.5,2025-04-04 12:00:00
1,95,1,226,67.8,1921.0,2025-04-05 12:00:00
1,96,1,228,68.4,1938.0,2025-04-06 12:00:00
1,97,1,265,79.5,2252.5,2025-04-07 12:00:00
1,98,1,152,45.6,1292.0,2025-04-08 12:00:00
1,99,1,167,50.1,1419.5,2025-04-09 12:00:00
1,100,1,262,78.6,2227.0,2025-04-10 12:00:00
1,101,1,137,41.1,1164.5,2025-04-11 12:00:00
1,102,1,208,62.4,1768.0,2025-04-12 12:00:00
1,103,1,237,71.1,2014.5,2025-04-13 12:00:00
1,104,1,238,71.4,2023.0,2025-04-14 12:00:00
1,105,1,243,72.9,2065.5,2025-04-15 12:00:00
1,106,1,223,66.9,1895.5,2025-04-16 12:00:00
1,107,1,209,62.7,1776.5,2025-04-17 12:00:00
1,108,1,192,57.6,1632.0,2025-04-18 12:00:00
1,109,1,247,74.1,2099.5,2025-04-19 12:00:00
1,110,1,286,85.8,2431.0,2025-04-20 12:00:00
1,111,1,286,85.8,2431.0,2025-04-21 12:00:00
1,112,1,235,70.5,1997.5,2025-04-22 12:00:00
1,113,1,151,45.3,1283.5,2025-04-23 12:00:00
1,114,1,227,68.1,1929.5,2025-04-24 12:00:00
1,115,1,181,54.3,1538.5,2025-04-25 12:00:00
1,116,1,228,68.4,1938.0,2025-04-26 12:00:00
1,117,1,141,42.3,1198.5,2025-04-27 12:00:00
1,118,1,106,31.8,901.0,2025-04-28 12:00:00
1,119,1,189,56.7,1606.5,2025-04-29 12:00:00
1,120,1,159,47.7,1351.5,2025-04-30 12:00:00
1,121,1,101,30.3,858.5,2025-05-01 12:00:00
1,122,1,147,44.1,1249.5,2025-05-02 12:00:00
1,123,1,136,40.8,1156.0,2025-05-03 12:00:00
1,124,1,148,44.4,1258.0,2025-05-04 12:00:00
1,125,1,198,59.4,1683.0,2025-05-05 12:00:00
1,126,1,187,56.1,1589.5,2025-05-06 12:00:00
1,127,1,230,69.0,1955.0,2025-05-07 12:00:00
1,128,1,193,57.9,1640.5,2025-05-08 12:00:00
1,129,1,255,76.5,2167.5,2025-05-09 12:00:00
1,130,1,212,63.6,1802.0,2025-05-10 12:00:00
1,131,1,203,60.9,1725.5,2025-05-11 12:00:00
1,132,1,251,75.3,2133.5,2025-05-12 12:00:00
1,133,1,238,71.4,2023.0,2025-05-13 12:00:00
1,134,1,232,69.6,1972.0,2025-05-14 12:00:00
1,135,1,227,68.1,1929.5,2025-05-15 12:00:00
1,136,1,181,54.3,1538.5,2025-05-16 12:00:00
1,137,1,153,45.9,1300.5,2025-05-17 12:00:00
1,138,1,167,50.1,1419.5,2025-05-18 12:00:00
1,139,1,241,72.3,2048.5,2025-05-19 12:00:00
1,140,1,187,56.1,1589.5,2025-05-20 12:00:00
1,141,1,267,80.1,2269.5,2025-05-21 12:00:00
1,142,1,234,70.2,1989.0,2025-05-22 12:00:00
1,143,1,244,73.2,2074.0,2025-05-23 12:00:00
1,144,1,214,64.2,1819.0,2025-05-24 12:00:00
1,145,1,258,77.4,2193.0,2025-05-25 12:00:00
1,146,1,177,53.1,1504.5,2025-05-26 12:00:00
1,147,1,208,62.4,1768.0,2025-05-27 12:00:00
1,148,1,147,44.1,1249.5,2025-05-28 12:00:00
1,149,1,166,49.8,1411.0,2025-05-29 12:00:00
1,150,1,120,36.0,1020.0,2025-05-30 12:00:00
1,151,1,127,38.1,1079.5,2025-06-01 12:00:00
1,152,1,160,48.0,1360.0,2025-06-02 12:00:00
1,153,1,246,73.8,2091.0,2025-06-03 12:00:00
1,154,1,134,40.2,1139.0,2025-06-04 12:00:00
1,155,1,116,34.8,986.0,2025-06-05 12:00:00
1,156,1,145,43.5,1232.5,2025-06-06 12:00:00
1,157,1,145,43.5,1232.5,2025-06-07 12:00:00
1,158,1,223,66.9,1895.5,2025-06-08 12:00:00
1,159,1,136,40.8,1156.0,2025-06-09 12:00:00
1,160,1,232,69.6,1972.0,2025-06-10 12:00:00
1,161,1,145,43.5,1232.5,2025-06-11 12:00:00
1,162,1,234,70.2,1989.0,2025-06-12 12:00:00
1,163,1,215,64.5,1827.5,2025-06-13 12:00:00
1,164,1,206,61.8,1751.0,2025-06-14 12:00:00
1,165,1,124,37.2,1054.0,2025-06-15 12:00:00
1,166,1,153,45.9,1300.5,2025-06-16 12:00:00
1,167,1,206,61.8,1751.0,2025-06-17 12:00:00
1,168,1,123,36.9,1045.5,2025-06-18 12:00:00
1,169,1,131,39.3,1113.5,2025-06-19 12:00:00
1,170,1,185,55.5,1572.5,2025-06-20 12:00:00
1,171,1,266,79.8,2261.0,2025-06-21 12:00:00
1,172,1,269,80.7,2286.5,2025-06-22 12:00:00
1,173,1,156,46.8,1326.0,2025-06-23 12:00:00
1,174,1,236,70.8,2006.0,2025-06-24 12:00:00
1,175,1,138,41.4,1173.0,2025-06-25 12:00:00
1,176,1,125,37.5,1062.5,2025-06-26 12:00:00
1,177,1,149,44.7,1266.5,2025-06-27 12:00:00
1,178,1,152,45.6,1292.0,2025-06-28 12:00:00
1,179,1,274,82.2,2329.0,2025-06-29 12:00:00
1,180,1,175,52.5,1487.5,2025-06-30 12:00:00
1,181,1,119,35.7,1011.5,2025-07-01 12:00:00
1,182,1,107,32.1,909.5,2025-07-02 12:00:00
1,183,1,243,72.9,2065.5,2025-07-03 12:00:00
1,184,1,214,64.2,1819.0,2025-07-04 12:00:00
1,185,1,282,84.6,2397.0,2025-07-05 12:00:00
1,186,1,165,49.5,1402.5,2025-07-06 12:00:00
1,187,1,225,67.5,1912.5,2025-07-07 12:00:00
1,188,1,202,60.6,1717.0,2025-07-08 12:00:00
1,189,1,197,59.1,1674.5,2025-07-09 12:00:00
1,190,1,225,67.5,1912.5,2025-07-10 12:00:00
1,191,1,169,50.7,1436.5,2025-07-11 12:00:00
1,192,1,153,45.9,1300.5,2025-07-12 12:00:00
1,193,1,200,60.0,1700.0,2025-07-13 12:00:00
1,194,1,107,32.1,909.5,2025-07-14 12:00:00
1,195,1,199,59.7,1691.5,2025-07-15 12:00:00
1,196,1,207,62.1,1759.5,2025-07-16 12:00:00
1,197,1,202,60.6,1717.0,2025-07-17 12:00:00
1,198,1,105,31.5,892.5,2025-07-18 12:00:00
1,199,1,215,64.5,1827.5,2025-07-19 12:00:00
1,200,1,198,59.4,1683.0,2025-07-20 12:00:00
1,201,1,191,57.3,1623.5,2025-07-21 12:00:00
1,202,1,112,33.6,952.0,2025-07-22 12:00:00
1,203,1,223,66.9,1895.5,2025-07-23 12:00:00
1,204,1,246,73.8,2091.0,2025-07-24 12:00:00
1,205,1,219,65.7,1861.5,2025-07-25 12:00:00
1,206,1,231,69.3,1963.5,2025-07-26 12:00:00
1,207,1,229,68.7,1946.5,2025-07-27 12:00:00
1,208,1,216,64.8,1836.0,2025-07-28 12:00:00
1,209,1,266,79.8,2261.0,2025-07-29 12:00:00
1,210,1,239,71.7,2031.5,2025-07-30 12:00:00
1,211,1,268,80.4,2278.0,2025-08-01 12:00:00
1,212,1,261,78.3,2218.5,2025-08-02 12:00:00
1,213,1,133,39.9,1130.5,2025-08-03 12:00:00
1,214,1,187,56.1,1589.5,2025-08-04 12:00:00
1,215,1,256,76.8,2176.0,2025-08-05 12:00:00
1,216,1,115,34.5,977.5,2025-08-06 12:00:00
1,217,1,168,50.4,1428.0,2025-08-07 12:00:00
1,218,1,232,69.6,1972.0,2025-08-08 12:00:00
1,219,1,215,64.5,1827.5,2025-08-09 12:00:00
1,220,1,283,84.9,2405.5,2025-08-10 12:00:00
1,221,1,225,67.5,1912.5,2025-08-11 12:00:00
1,222,1,168,50.4,1428.0,2025-08-12 12:00:00
1,223,1,168,50.4,1428.0,2025-08-13 12:00:00
1,224,1,193,57.9,1640.5,2025-08-14 12:00:00
1,225,1,243,72.9,2065.5,2025-08-15 12:00:00
1,226,1,224,67.2,1904.0,2025-08-16 12:00:00
1,227,1,199,59.7,1691.5,2025-08-17 12:00:00
1,228,1,200,60.0,1700.0,2025-08-18 12:00:00
1,229,1,149,44.7,1266.5,2025-08-19 12:00:00
1,230,1,208,62.4,1768.0,2025-08-20 12:00:00
1,231,1,133,39.9,1130.5,2025-08-21 12:00:00
1,232,1,277,83.1,2354.5,2025-08-22 12:00:00
1,233,1,286,85.8,2431.0,2025-08-23 12:00:00
1,234,1,235,70.5,1997.5,2025-08-24 12:00:00
1,235,1,168,50.4,1428.0,2025-08-25 12:00:00
1,236,1,103,30.9,875.5,2025-08-26 12:00:00
1,237,1,123,36.9,1045.5,2025-08-27 12:00:00
1,238,1,101,30.3,858.5,2025-08-28 12:00:00
1,239,1,227,68.1,1929.5,2025-08-29 12:00:00
1,240,1,223,66.9,1895.5,2025-08-30 12:00:00
1,241,1,279,83.7,2371.5,2025-09-01 12:00:00
1,242,1,223,66.9,1895.5,2025-09-02 12:00:00
1,243,1,200,60.0,1700.0,2025-09-03 12:00:00
1,244,1,166,49.8,1411.0,2025-09-04 12:00:00
1,245,1,173,51.9,1470.5,2025-09-05 12:00:00
1,246,1,143,42.9,1215.5,2025-09-06 12:00:00
1,247,1,111,33.3,943.5,2025-09-07 12:00:00
1,248,1,229,68.7,1946.5,2025-09-08 12:00:00
1,249,1,174,52.2,1479.0,2025-09-09 12:00:00
1,250,1,220,66.0,1870.0,2025-09-10 12:00:00
1,251,1,147,44.1,1249.5,2025-09-11 12:00:00
1,252,1,229,68.7,1946.5,2025-09-12 12:00:00
1,253,1,214,64.2,1819.0,2025-09-13 12:00:00
1,254,1,234,70.2,1989.0,2025-09-14 12:00:00
1,255,1,157,47.1,1334.5,2025-09-15 12:00:00
1,256,1,253,75.9,2150.5,2025-09-16 12:00:00
1,257,1,174,52.2,1479.0,2025-09-17 12:00:00
1,258,1,160,48.0,1360.0,2025-09-18 12:00:00
1,259,1,277,83.1,2354.5,2025-09-19 12:00:00
1,260,1,198,59.4,1683.0,2025-09-20 12:00:00
1,261,1,135,40.5,1147.5,2025-09-21 12:00:00
1,262,1,195,58.5,1657.5,2025-09-22 12:00:00
1,263,1,176,52.8,1496.0,2025-09-23 12:00:00
1,264,1,212,63.6,1802.0,2025-09-24 12:00:00
1,265,1,152,45.6,1292.0,2025-09-25 12:00:00
1,266,1,238,71.4,2023.0,2025-09-26 12:00:00
1,267,1,129,38.7,1096.5,2025-09-27 12:00:00
1,268,1,212,63.6,1802.0,2025-09-28 12:00:00
1,269,1,251,75.3,2133.5,2025-09-29 12:00:00
1,270,1,225,67.5,1912.5,2025-09-30 12:00:00
1,271,1,118,35.4,1003.0,2025-10-01 12:00:00
1,272,1,199,59.7,1691.5,2025-10-02 12:00:00
1,273,1,246,73.8,2091.0,2025-10-03 12:00:00
1,274,1,108,32.4,918.0,2025-10-04 12:00:00
1,275,1,127,38.1,1079.5,2025-10-05 12:00:00
1,276,1,227,68.1,1929.5,2025-10-06 12:00:00
1,277,1,222,66.6,1887.0,2025-10-07 12:00:00
1,278,1,250,75.0,2125.0,2025-10-08 12:00:00
1,279,1,216,64.8,1836.0,2025-10-09 12:00:00
1,280,1,198,59.4,1683.0,2025-10-10 12:00:00
1,281,1,124,37.2,1054.0,2025-10-11 12:00:00
1,282,1,262,78.6,2227.0,2025-10-12 12:00:00
1,283,1,192,57.6,1632.0,2025-10-13 12:00:00
1,284,1,283,84.9,2405.5,2025-10-14 12:00:00
1,285,1,178,53.4,1513.0,2025-10-15 12:00:00
1,286,1,141,42.3,1198.5,2025-10-16 12:00:00
1,287,1,281,84.3,2388.5,2025-10-17 12:00:00
1,288,1,272,81.6,2312.0,2025-10-18 12:00:00
1,289,1,174,52.2,1479.0,2025-10-19 12:00:00
1,290,1,175,52.5,1487.5,2025-10-20 12:00:00
1,291,1,173,51.9,1470.5,2025-10-21 12:00:00
1,292,1,284,85.2,2414.0,2025-10-22 12:00:00
1,293,1,106,31.8,901.0,2025-10-23 12:00:00
1,294,1,240,72.0,2040.0,2025-10-24 12:00:00
1,295,1,236,70.8,2006.0,2025-10-25 12:00:00
1,296,1,126,37.8,1071.0,2025-10-26 12:00:00
1,297,1,144,43.2,1224.0,2025-10-27 12:00:00
1,298,1,182,54.6,1547.0,2025-10-28 12:00:00
1,299,1,208,62.4,1768.0,2025-10-29 12:00:00
1,300,1,185,55.5,1572.5,2025-10-30 12:00:00
1,301,1,284,85.2,2414.0,2025-11-01 12:00:00
1,302,1,144,43.2,1224.0,2025-11-02 12:00:00
1,303,1,135,40.5,1147.5,2025-11-03 12:00:00
1,304,1,118,35.4,1003.0,2025-11-04 12:00:00
1,305,1,190,57.0,1615.0,2025-11-05 12:00:00
1,306,1,189,56.7,1606.5,2025-11-06 12:00:00
1,307,1,178,53.4,1513.0,2025-11-07 12:00:00
1,308,1,240,72.0,2040.0,2025-11-08 12:00:00
1,309,1,225,67.5,1912.5,2025-11-09 12:00:00
1,310,1,287,86.1,2439.5,2025-11-10 12:00:00
1,311,1,160,48.0,1360.0,2025-11-11 12:00:00
1,312,1,100,30.0,850.0,2025-11-12 12:00:00
1,313,1,191,57.3,1623.5,2025-11-13 12:00:00
1,314,1,252,75.6,2142.0,2025-11-14 12:00:00
1,315,1,195,58.5,1657.5,2025-11-15 12:00:00
1,316,1,216,64.8,1836.0,2025-11-16 12:00:00
1,317,1,157,47.1,1334.5,2025-11-17 12:00:00
1,318,1,160,48.0,1360.0,2025-11-18 12:00:00
1,319,1,248,74.4,2108.0,2025-11-19 12:00:00
1,320,1,217,65.1,1844.5,2025-11-20 12:00:00
1,321,1,286,85.8,2431.0,2025-11-21 12:00:00
1,322,1,285,85.5,2422.5,2025-11-22 12:00:00
1,323,1,148,44.4,1258.0,2025-11-23 12:00:00
1,324,1,242,72.6,2057.0,2025-11-24 12:00:00
1,325,1,216,64.8,1836.0,2025-11-25 12:00:00
1,326,1,257,77.1,2184.5,2025-11-26 12:00:00
1,327,1,243,72.9,2065.5,2025-11-27 12:00:00
1,328,1,151,45.3,1283.5,2025-11-28 12:00:00
1,329,1,115,34.5,977.5,2025-11-29 12:00:00
1,330,1,201,60.3,1708.5,2025-11-30 12:00:00
1,331,1,216,64.8,1836.0,2025-12-01 12:00:00
1,332,1,221,66.3,1878.5,2025-12-02 12:00:00
1,333,1,189,56.7,1606.5,2025-12-03 12:00:00
1,334,1,159,47.7,1351.5,2025-12-04 12:00:00
1,335,1,127,38.1,1079.5,2025-12-05 12:00:00
1,336,1,140,42.0,1190.0,2025-12-06 12:00:00
1,337,1,244,73.2,2074.0,2025-12-07 12:00:00
1,338,1,240,72.0,2040.0,2025-12-08 12:00:00
1,339,1,134,40.2,1139.0,2025-12-09 12:00:00
1,340,1,181,54.3,1538.5,2025-12-10 12:00:00
1,341,1,186,55.8,1581.0,2025-12-11 12:00:00
1,342,1,149,44.7,1266.5,2025-12-12 12:00:00
1,343,1,169,50.7,1436.5,2025-12-13 12:00:00
1,344,1,208,62.4,1768.0,2025-12-14 12:00:00
1,345,1,218,65.4,1853.0,2025-12-15 12:00:00
1,346,1,172,51.6,1462.0,2025-12-16 12:00:00
1,347,1,204,61.2,1734.0,2025-12-17 12:00:00
1,348,1,110,33.0,935.0,2025-12-18 12:00:00
1,349,1,165,49.5,1402.5,2025-12-19 12:00:00
1,350,1,225,67.5,1912.5,2025-12-20 12:00:00
1,351,1,166,49.8,1411.0,2025-12-21 12:00:00
1,352,1,197,59.1,1674.5,2025-12-22 12:00:00
1,353,1,198,59.4,1683.0,2025-12-23 12:00:00
1,354,1,248,74.4,2108.0,2025-12-24 12:00:00
1,355,1,154,46.2,1309.0,2025-12-25 12:00:00
1,356,1,194,58.2,1649.0,2025-12-26 12:00:00
1,357,1,201,60.3,1708.5,2025-12-27 12:00:00
1,358,1,122,36.6,1037.0,2025-12-28 12:00:00
1,359,1,152,45.6,1292.0,2025-12-29 12:00:00
1,360,1,182,54.6,1547.0,2025-12-30 12:00:00
1,361,1,184,55.2,1564.0,2025-13-01 12:00:00
1,362,1,209,62.7,1776.5,2025-13-02 12:00:00
1,363,1,150,45.0,1275.0,2025-13-03 12:00:00
1,364,1,103,30.9,875.5,2025-13-04 12:00:00
1,365,1,212,63.6,1802.0,2025-13-05 12:00:00
2,1,2,131,39.3,1113.5,2025-01-01 12:00:00
2,2,2,191,57.3,1623.5,2025-01-02 12:00:00
2,3,2,138,41.4,1173.0,2025-01-03 12:00:00
2,4,2,257,77.1,2184.5,2025-01-04 12:00:00
2,5,2,222,66.6,1887.0,2025-01-05 12:00:00
2,6,2,111,33.3,943.5,2025-01-06 12:00:00
2,7,2,153,45.9,1300.5,2025-01-07 12:00:00
2,8,2,232,69.6,1972.0,2025-01-08 12:00:00
2,9,2,196,58.8,1666.0,2025-01-09 12:00:00
2,10,2,211,63.3,1793.5,2025-01-10 12:00:00
2,11,2,184,55.2,1564.0,2025-01-11 12:00:00
2,12,2,165,49.5,1402.5,2025-01-12 12:00:00
2,13,2,202,60.6,1717.0,2025-01-13 12:00:00
2,14,2,137,41.1,1164.5,2025-01-14 12:00:00
2,15,2,197,59.1,1674.5,2025-01-15 12:00:00
2,16,2,129,38.7,1096.5,2025-01-16 12:00:00
2,17,2,190,57.0,1615.0,2025-01-17 12:00:00
2,18,2,191,57.3,1623.5,2025-01-18 12:00:00
2,19,2,218,65.4,1853.0,2025-01-19 12:00:00
2,20,2,245,73.5,2082.5,2025-01-20 12:00:00
2,21,2,220,66.0,1870.0,2025-01-21 12:00:00
2,22,2,128,38.4,1088.0,2025-01-22 12:00:00
2,23,2,237,71.1,2014.5,2025-01-23 12:00:00
2,24,2,284,85.2,2414.0,2025-01-24 12:00:00
2,25,2,116,34.8,986.0,2025-01-25 12:00:00
2,26,2,208,62.4,1768.0,2025-01-26 12:00:00
2,27,2,105,31.5,892.5,2025-01-27 12:00:00
2,28,2,265,79.5,2252.5,2025-01-28 12:00:00
2,29,2,142,42.6,1207.0,2025-01-29 12:00:00
2,30,2,214,64.2,1819.0,2025-01-30 12:00:00
2,31,2,179,53.7,1521.5,2025-02-01 12:00:00
2,32,2,217,65.1,1844.5,2025-02-02 12:00:00
2,33,2,107,32.1,909.5,2025-02-03 12:00:00
2,34,2,203,60.9,1725.5,2025-02-04 12:00:00
2,35,2,124,37.2,1054.0,2025-02-05 12:00:00
2,36,2,195,58.5,1657.5,2025-02-06 12:00:00
2,37,2,192,57.6,1632.0,2025-02-07 12:00:00
2,38,2,160,48.0,1360.0,2025-02-08 12:00:00
2,39,2,190,57.0,1615.0,2025-02-09 12:00:00
2,40,2,160,48.0,1360.0,2025-02-10 12:00:00
2,41,2,191,57.3,1623.5,2025-02-11 12:00:00
2,42,2,160,48.0,1360.0,2025-02-12 12:00:00
2,43,2,288,86.4,2448.0,2025-02-13 12:00:00
2,44,2,100,30.0,850.0,2025-02-14 12:00:00
2,45,2,111,33.3,943.5,2025-02-15 12:00:00
2,46,2,185,55.5,1572.5,2025-02-16 12:00:00
2,47,2,177,53.1,1504.5,2025-02-17 12:00:00
2,48,2,184,55.2,1564.0,2025-02-18 12:00:00
2,49,2,212,63.6,1802.0,2025-02-19 12:00:00
2,50,2,186,55.8,1581.0,2025-02-20 12:00:00
2,51,2,195,58.5,1657.5,2025-02-21 12:00:00
2,52,2,162,48.6,1377.0,2025-02-22 12:00:00
2,53,2,160,48.0,1360.0,2025-02-23 12:00:00
2,54,2,125,37.5,1062.5,2025-02-24 12:00:00
2,55,2,100,30.0,850.0,2025-02-25 12:00:00
2,56,2,212,63.6,1802.0,2025-02-26 12:00:00
2,57,2,146,43.8,1241.0,2025-02-27 12:00:00
2,58,2,153,45.9,1300.5,2025-02-28 12:00:00
2,59,2,167,50.1,1419.5,2025-02-29 12:00:00
2,60,2,217,65.1,1844.5,2025-02-30 12:00:00
2,61,2,269,80.7,2286.5,2025-03-01 12:00:00
2,62,2,113,33.9,960.5,2025-03-02 12:00:00
2,63,2,195,58.5,1657.5,2025-03-03 12:00:00
2,64,2,146,43.8,1241.0,2025-03-04 12:00:00
2,65,2,210,63.0,1785.0,2025-03-05 12:00:00
2,66,2,246,73.8,2091.0,2025-03-06 12:00:00
2,67,2,117,35.1,994.5,2025-03-07 12:00:00
2,68,2,177,53.1,1504.5,2025-03-08 12:00:00
2,69,2,214,64.2,1819.0,2025-03-09 12:00:00
2,70,2,218,65.4,1853.0,2025-03-10 12:00:00
2,71,2,127,38.1,1079.5,2025-03-11 12:00:00
2,72,2,138,41.4,1173.0,2025-03-12 12:00:00
2,73,2,156,46.8,1326.0,2025-03-13 12:00:00
2,74,2,185,55.5,1572.5,2025-03-14 12:00:00
2,75,2,265,79.5,2252.5,2025-03-15 12:00:00
2,76,2,124,37.2,1054.0,2025-03-16 12:00:00
2,77,2,112,33.6,952.0,2025-03-17 12:00:00
2,78,2,164,49.2,1394.0,2025-03-18 12:00:00
2,79,2,237,71.1,2014.5,2025-03-19 12:00:00
2,80,2,208,62.4,1768.0,2025-03-20 12:00:00
2,81,2,210,63.0,1785.0,2025-03-21 12:00:00
2,82,2,210,63.0,1785.0,2025-03-22 12:00:00
2,83,2,173,51.9,1470.5,2025-03-23 12:00:00
2,84,2,107,32.1,909.5,2025-03-24 12:00:00
2,85,2,212,63.6,1802.0,2025-03-25 12:00:00
2,86,2,182,54.6,1547.0,2025-03-26 12:00:00
2,87,2,200,60.0,1700.0,2025-03-27 12:00:00
2,88,2,125,37.5,1062.5,2025-03-28 12:00:00
2,89,2,158,47.4,1343.0,2025-03-29 12:00:00
2,90,2,220,66.0,1870.0,2025-03-30 12:00:00
2,91,2,249,74.7,2116.5,2025-04-01 12:00:00
2,92,2,209,62.7,1776.5,2025-04-02 12:00:00
2,93,2,251,75.3,2133.5,2025-04-03 12:00:00
2,94,2,193,57.9,1640.5,2025-04-04 12:00:00
2,95,2,161,48.3,1368.5,2025-04-05 12:00:00
2,96,2,194,58.2,1649.0,2025-04-06 12:00:00
2,97,2,230,69.0,1955.0,2025-04-07 12:00:00
2,98,2,170,51.0,1445.0,2025-04-08 12:00:00
2,99,2,135,40.5,1147.5,2025-04-09 12:00:00
2,100,2,145,43.5,1232.5,2025-04-10 12:00:00
2,101,2,174,52.2,1479.0,2025-04-11 12:00:00
2,102,2,178,53.4,1513.0,2025-04-12 12:00:00
2,103,2,217,65.1,1844.5,2025-04-13 12:00:00
2,104,2,193,57.9,1640.5,2025-04-14 12:00:00
2,105,2,201,60.3,1708.5,2025-04-15 12:00:00
2,106,2,218,65.4,1853.0,2025-04-16 12:00:00
2,107,2,235,70.5,1997.5,2025-04-17 12:00:00
2,108,2,183,54.9,1555.5,2025-04-18 12:00:00
2,109,2,169,50.7,1436.5,2025-04-19 12:00:00
2,110,2,257,77.1,2184.5,2025-04-20 12:00:00
2,111,2,118,35.4,1003.0,2025-04-21 12:00:00
2,112,2,159,47.7,1351.5,2025-04-22 12:00:00
2,113,2,239,71.7,2031.5,2025-04-23 12:00:00
2,114,2,100,30.0,850.0,2025-04-24 12:00:00
2,115,2,281,84.3,2388.5,2025-04-25 12:00:00
2,116,2,136,40.8,1156.0,2025-04-26 12:00:00
2,117,2,199,59.7,1691.5,2025-04-27 12:00:00
2,118,2,102,30.6,867.0,2025-04-28 12:00:00
2,119,2,233,69.9,1980.5,2025-04-29 12:00:00
2,120,2,109,32.7,926.5,2025-04-30 12:00:00
2,121,2,237,71.1,2014.5,2025-05-01 12:00:00
2,122,2,229,68.7,1946.5,2025-05-02 12:00:00
2,123,2,229,68.7,1946.5,2025-05-03 12:00:00
2,124,2,204,61.2,1734.0,2025-05-04 12:00:00
2,125,2,172,51.6,1462.0,2025-05-05 12:00:00
2,126,2,108,32.4,918.0,2025-05-06 12:00:00
2,127,2,242,72.6,2057.0,2025-05-07 12:00:00
2,128,2,177,53.1,1504.5,2025-05-08 12:00:00
2,129,2,233,69.9,1980.5,2025-05-09 12:00:00
2,130,2,168,50.4,1428.0,2025-05-10 12:00:00
2,131,2,177,53.1,1504.5,2025-05-11 12:00:00
2,132,2,259,77.7,2201.5,2025-05-12 12:00:00
2,133,2,236,70.8,2006.0,2025-05-13 12:00:00
2,134,2,175,52.5,1487.5,2025-05-14 12:00:00
2,135,2,134,40.2,1139.0,2025-05-15 12:00:00
2,136,2,139,41.7,1181.5,2025-05-16 12:00:00
2,137,2,199,59.7,1691.5,2025-05-17 12:00:00
2,138,2,110,33.0,935.0,2025-05-18 12:00:00
2,139,2,113,33.9,960.5,2025-05-19 12:00:00
2,140,2,104,31.2,884.0,2025-05-20 12:00:00
2,141,2,262,78.6,2227.0,2025-05-21 12:00:00
2,142,2,161,48.3,1368.5,2025-05-22 12:00:00
2,143,2,188,56.4,1598.0,2025-05-23 12:00:00
2,144,2,141,42.3,1198.5,2025-05-24 12:00:00
2,145,2,285,85.5,2422.5,2025-05-25 12:00:00
2,146,2,171,51.3,1453.5,2025-05-26 12:00:00
2,147,2,203,60.9,1725.5,2025-05-27 12:00:00
2,148,2,131,39.3,1113.5,2025-05-28 12:00:00
2,149,2,264,79.2,2244.0,2025-05-29 12:00:00
2,150,2,196,58.8,1666.0,2025-05-30 12:00:00
2,151,2,202,60.6,1717.0,2025-06-01 12:00:00
2,152,2,244,73.2,2074.0,2025-06-02 12:00:00
2,153,2,152,45.6,1292.0,2025-06-03 12:00:00
2,154,2,203,60.9,1725.5,2025-06-04 12:00:00
2,155,2,178,53.4,1513.0,2025-06-05 12:00:00
2,156,2,273,81.9,2320.5,2025-06-06 12:00:00
2,157,2,234,70.2,1989.0,2025-06-07 12:00:00
2,158,2,181,54.3,1538.5,2025-06-08 12:00:00
2,159,2,154,46.2,1309.0,2025-06-09 12:00:00
2,160,2,132,39.6,1122.0,2025-06-10 12:00:00
2,161,2,177,53.1,1504.5,2025-06-11 12:00:00
2,162,2,236,70.8,2006.0,2025-06-12 12:00:00
2,163,2,132,39.6,1122.0,2025-06-13 12:00:00
2,164,2,185,55.5,1572.5,2025-06-14 12:00:00
2,165,2,109,32.7,926.5,2025-06-15 12:00:00
2,166,2,222,66.6,1887.0,2025-06-16 12:00:00
2,167,2,196,58.8,1666.0,2025-06-17 12:00:00
2,168,2,177,53.1,1504.5,2025-06-18 12:00:00
2,169,2,146,43.8,1241.0,2025-06-19 12:00:00
2,170,2,208,62.4,1768.0,2025-06-20 12:00:00
2,171,2,154,46.2,1309.0,2025-06-21 12:00:00
2,172,2,104,31.2,884.0,2025-06-22 12:00:00
2,173,2,167,50.1,1419.5,2025-06-23 12:00:00
2,174,2,229,68.7,1946.5,2025-06-24 12:00:00
2,175,2,234,70.2,1989.0,2025-06-25 12:00:00
2,176,2,175,52.5,1487.5,2025-06-26 12:00:00
2,177,2,182,54.6,1547.0,2025-06-27 12:00:00
2,178,2,208,62.4,1768.0,2025-06-28 12:00:00
2,179,2,150,45.0,1275.0,2025-06-29 12:00:00
2,180,2,203,60.9,1725.5,2025-06-30 12:00:00
2,181,2,233,69.9,1980.5,2025-07-01 12:00:00
2,182,2,122,36.6,1037.0,2025-07-02 12:00:00
2,183,2,189,56.7,1606.5,2025-07-03 12:00:00
2,184,2,206,61.8,1751.0,2025-07-04 12:00:00
2,185,2,240,72.0,2040.0,2025-07-05 12:00:00
2,186,2,210,63.0,1785.0,2025-07-06 12:00:00
2,187,2,159,47.7,1351.5,2025-07-07 12:00:00
2,188,2,199,59.7,1691.5,2025-07-08 12:00:00
2,189,2,167,50.1,1419.5,2025-07-09 12:00:00
2,190,2,219,65.7,1861.5,2025-07-10 12:00:00
2,191,2,171,51.3,1453.5,2025-07-11 12:00:00
2,192,2,191,57.3,1623.5,2025-07-12 12:00:00
2,193,2,276,82.8,2346.0,2025-07-13 12:00:00
2,194,2,190,57.0,1615.0,2025-07-14 12:00:00
2,195,2,139,41.7,1181.5,2025-07-15 12:00:00
2,196,2,110,33.0,935.0,2025-07-16 12:00:00
2,197,2,140,42.0,1190.0,2025-07-17 12:00:00
2,198,2,200,60.0,1700.0,2025-07-18 12:00:00
2,199,2,229,68.7,1946.5,2025-07-19 12:00:00
2,200,2,156,46.8,1326.0,2025-07-20 12:00:00
2,201,2,162,48.6,1377.0,2025-07-21 12:00:00
2,202,2,194,58.2,1649.0,2025-07-22 12:00:00
2,203,2,282,84.6,2397.0,2025-07-23 12:00:00
2,204,2,192,57.6,1632.0,2025-07-24 12:00:00
2,205,2,156,46.8,1326.0,2025-07-25 12:00:00
2,206,2,174,52.2,1479.0,2025-07-26 12:00:00
2,207,2,164,49.2,1394.0,2025-07-27 12:00:00
2,208,2,214,64.2,1819.0,2025-07-28 12:00:00
2,209,2,229,68.7,1946.5,2025-07-29 12:00:00
2,210,2,190,57.0,1615.0,2025-07-30 12:00:00
2,211,2,227,68.1,1929.5,2025-08-01 12:00:00
2,212,2,207,62.1,1759.5,2025-08-02 12:00:00
2,213,2,164,49.2,1394.0,2025-08-03 12:00:00
2,214,2,187,56.1,1589.5,2025-08-04 12:00:00
2,215,2,128,38.4,1088.0,2025-08-05 12:00:00
2,216,2,249,74.7,2116.5,2025-08-06 12:00:00
2,217,2,253,75.9,2150.5,2025-08-07 12:00:00
2,218,2,188,56.4,1598.0,2025-08-08 12:00:00
2,219,2,180,54.0,1530.0,2025-08-09 12:00:00
2,220,2,244,73.2,2074.0,2025-08-10 12:00:00
2,221,2,247,74.1,2099.5,2025-08-11 12:00:00
2,222,2,225,67.5,1912.5,2025-08-12 12:00:00
2,223,2,148,44.4,1258.0,2025-08-13 12:00:00
2,224,2,100,30.0,850.0,2025-08-14 12:00:00
2,225,2,222,66.6,1887.0,2025-08-15 12:00:00
2,226,2,201,60.3,1708.5,2025-08-16 12:00:00
2,227,2,129,38.7,1096.5,2025-08-17 12:00:00
2,228,2,118,35.4,1003.0,2025-08-18 12:00:00
2,229,2,100,30.0,850.0,2025-08-19 12:00:00
2,230,2,214,64.2,1819.0,2025-08-20 12:00:00
2,231,2,212,63.6,1802.0,2025-08-21 12:00:00
2,232,2,162,48.6,1377.0,2025-08-22 12:00:00
2,233,2,228,68.4,1938.0,2025-08-23 12:00:00
2,234,2,154,46.2,1309.0,2025-08-24 12:00:00
2,235,2,230,69.0,1955.0,2025-08-25 12:00:00
2,236,2,209,62.7,1776.5,2025-08-26 12:00:00
2,237,2,223,66.9,1895.5,2025-08-27 12:00:00
2,238,2,186,55.8,1581.0,2025-08-28 12:00:00
2,239,2,171,51.3,1453.5,2025-08-29 12:00:00
2,240,2,234,70.2,1989.0,2025-08-30 12:00:00
2,241,2,164,49.2,1394.0,2025-09-01 12:00:00
2,242,2,206,61.8,1751.0,2025-09-02 12:00:00
2,243,2,211,63.3,1793.5,2025-09-03 12:00:00
2,244,2,206,61.8,1751.0,2025-09-04 12:00:00
2,245,2,236,70.8,2006.0,2025-09-05 12:00:00
2,246,2,107,32.1,909.5,2025-09-06 12:00:00
2,247,2,134,40.2,1139.0,2025-09-07 12:00:00
2,248,2,217,65.1,1844.5,2025-09-08 12:00:00
2,249,2,185,55.5,1572.5,2025-09-09 12:00:00
2,250,2,243,72.9,2065.5,2025-09-10 12:00:00
2,251,2,241,72.3,2048.5,2025-09-11 12:00:00
2,252,2,146,43.8,1241.0,2025-09-12 12:00:00
2,253,2,106,31.8,901.0,2025-09-13 12:00:00
2,254,2,184,55.2,1564.0,2025-09-14 12:00:00
2,255,2,251,75.3,2133.5,2025-09-15 12:00:00
2,256,2,175,52.5,1487.5,2025-09-16 12:00:00
2,257,2,101,30.3,858.5,2025-09-17 12:00:00
2,258,2,146,43.8,1241.0,2025-09-18 12:00:00
2,259,2,247,74.1,2099.5,2025-09-19 12:00:00
2,260,2,229,68.7,1946.5,2025-09-20 12:00:00
2,261,2,218,65.4,1853.0,2025-09-21 12:00:00
2,262,2,119,35.7,1011.5,2025-09-22 12:00:00
2,263,2,136,40.8,1156.0,2025-09-23 12:00:00
2,264,2,236,70.8,2006.0,2025-09-24 12:00:00
2,265,2,152,45.6,1292.0,2025-09-25 12:00:00
2,266,2,198,59.4,1683.0,2025-09-26 12:00:00
2,267,2,225,67.5,1912.5,2025-09-27 12:00:00
2,268,2,123,36.9,1045.5,2025-09-28 12:00:00
2,269,2,219,65.7,1861.5,2025-09-29 12:00:00
2,270,2,267,80.1,2269.5,2025-09-30 12:00:00
2,271,2,213,63.9,1810.5,2025-10-01 12:00:00
2,272,2,153,45.9,1300.5,2025-10-02 12:00:00
2,273,2,139,41.7,1181.5,2025-10-03 12:00:00
2,274,2,124,37.2,1054.0,2025-10-04 12:00:00
2,275,2,121,36.3,1028.5,2025-10-05 12:00:00
2,276,2,103,30.9,875.5,2025-10-06 12:00:00
2,277,2,168,50.4,1428.0,2025-10-07 12:00:00
2,278,2,197,59.1,1674.5,2025-10-08 12:00:00
2,279,2,176,52.8,1496.0,2025-10-09 12:00:00
2,280,2,169,50.7,1436.5,2025-10-10 12:00:00
2,281,2,227,68.1,1929.5,2025-10-11 12:00:00
2,282,2,181,54.3,1538.5,2025-10-12 12:00:00
2,283,2,140,42.0,1190.0,2025-10-13 12:00:00
2,284,2,133,39.9,1130.5,2025-10-14 12:00:00
2,285,2,221,66.3,1878.5,2025-10-15 12:00:00
2,286,2,186,55.8,1581.0,2025-10-16 12:00:00
2,287,2,245,73.5,2082.5,2025-10-17 12:00:00
2,288,2,166,49.8,1411.0,2025-10-18 12:00:00
2,289,2,170,51.0,1445.0,2025-10-19 12:00:00
2,290,2,197,59.1,1674.5,2025-10-20 12:00:00
2,291,2,152,45.6,1292.0,2025-10-21 12:00:00
2,292,2,237,71.1,2014.5,2025-10-22 12:00:00
2,293,2,244,73.2,2074.0,2025-10-23 12:00:00
2,294,2,261,78.3,2218.5,2025-10-24 12:00:00
2,295,2,163,48.9,1385.5,2025-10-25 12:00:00
2,296,2,153,45.9,1300.5,2025-10-26 12:00:00
2,297,2,150,45.0,1275.0,2025-10-27 12:00:00
2,298,2,175,52.5,1487.5,2025-10-28 12:00:00
2,299,2,165,49.5,1402.5,2025-10-29 12:00:00
2,300,2,150,45.0,1275.0,2025-10-30 12:00:00
2,301,2,110,33.0,935.0,2025-11-01 12:00:00
2,302,2,212,63.6,1802.0,2025-11-02 12:00:00
2,303,2,178,53.4,1513.0,2025-11-03 12:00:00
2,304,2,153,45.9,1300.5,2025-11-04 12:00:00
2,305,2,154,46.2,1309.0,2025-11-05 12:00:00
2,306,2,249,74.7,2116.5,2025-11-06 12:00:00
2,307,2,155,46.5,1317.5,2025-11-07 12:00:00
2,308,2,135,40.5,1147.5,2025-11-08 12:00:00
2,309,2,247,74.1,2099.5,2025-11-09 12:00:00
2,310,2,220,66.0,1870.0,2025-11-10 12:00:00
2,311,2,248,74.4,2108.0,2025-11-11 12:00:00
2,312,2,172,51.6,1462.0,2025-11-12 12:00:00
2,313,2,139,41.7,1181.5,2025-11-13 12:00:00
2,314,2,228,68.4,1938.0,2025-11-14 12:00:00
2,315,2,200,60.0,1700.0,2025-11-15 12:00:00
2,316,2,203,60.9,1725.5,2025-11-16 12:00:00
2,317,2,124,37.2,1054.0,2025-11-17 12:00:00
2,318,2,134,40.2,1139.0,2025-11-18 12:00:00
2,319,2,207,62.1,1759.5,2025-11-19 12:00:00
2,320,2,201,60.3,1708.5,2025-11-20 12:00:00
2,321,2,111,33.3,943.5,2025-11-21 12:00:00
2,322,2,240,72.0,2040.0,2025-11-22 12:00:00
2,323,2,148,44.4,1258.0,2025-11-23 12:00:00
2,324,2,173,51.9,1470.5,2025-11-24 12:00:00
2,325,2,194,58.2,1649.0,2025-11-25 12:00:00
2,326,2,146,43.8,1241.0,2025-11-26 12:00:00
2,327,2,161,48.3,1368.5,2025-11-27 12:00:00
2,328,2,182,54.6,1547.0,2025-11-28 12:00:00
2,329,2,248,74.4,2108.0,2025-11-29 12:00:00
2,330,2,217,65.1,1844.5,2025-11-30 12:00:00
2,331,2,124,37.2,1054.0,2025-12-01 12:00:00
2,332,2,188,56.4,1598.0,2025-12-02 12:00:00
2,333,2,242,72.6,2057.0,2025-12-03 12:00:00
2,334,2,248,74.4,2108.0,2025-12-04 12:00:00
2,335,2,186,55.8,1581.0,2025-12-05 12:00:00
2,336,2,115,34.5,977.5,2025-12-06 12:00:00
2,337,2,244,73.2,2074.0,2025-12-07 12:00:00
2,338,2,165,49.5,1402.5,2025-12-08 12:00:00
2,339,2,225,67.5,1912.5,2025-12-09 12:00:00
2,340,2,274,82.2,2329.0,2025-12-10 12:00:00
2,341,2,178,53.4,1513.0,2025-12-11 12:00:00
2,342,2,146,43.8,1241.0,2025-12-12 12:00:00
2,343,2,214,64.2,1819.0,2025-12-13 12:00:00
2,344,2,171,51.3,1453.5,2025-12-14 12:00:00
2,345,2,158,47.4,1343.0,2025-12-15 12:00:00
2,346,2,221,66.3,1878.5,2025-12-16 12:00:00
2,347,2,285,85.5,2422.5,2025-12-17 12:00:00
2,348,2,242,72.6,2057.0,2025-12-18 12:00:00
2,349,2,113,33.9,960.5,2025-12-19 12:00:00
2,350,2,247,74.1,2099.5,2025-12-20 12:00:00
2,351,2,197,59.1,1674.5,2025-12-21 12:00:00
2,352,2,136,40.8,1156.0,2025-12-22 12:00:00
2,353,2,207,62.1,1759.5,2025-12-23 12:00:00
2,354,2,114,34.2,969.0,2025-12-24 12:00:00
2,355,2,143,42.9,1215.5,2025-12-25 12:00:00
2,356,2,280,84.0,2380.0,2025-12-26 12:00:00
2,357,2,115,34.5,977.5,2025-12-27 12:00:00
2,358,2,207,62.1,1759.5,2025-12-28 12:00:00
2,359,2,154,46.2,1309.0,2025-12-29 12:00:00
2,360,2,133,39.9,1130.5,2025-12-30 12:00:00
2,361,2,152,45.6,1292.0,2025-13-01 12:00:00
2,362,2,117,35.1,994.5,2025-13-02 12:00:00
2,363,2,222,66.6,1887.0,2025-13-03 12:00:00
2,364,2,145,43.5,1232.5,2025-13-04 12:00:00
2,365,2,168,50.4,1428.0,2025-13-05 12:00:00
3,1,3,161,48.3,1368.5,2025-01-01 12:00:00
3,2,3,155,46.5,1317.5,2025-01-02 12:00:00
3,3,3,260,78.0,2210.0,2025-01-03 12:00:00
3,4,3,202,60.6,1717.0,2025-01-04 12:00:00
3,5,3,272,81.6,2312.0,2025-01-05 12:00:00
3,6,3,102,30.6,867.0,2025-01-06 12:00:00
3,7,3,241,72.3,2048.5,2025-01-07 12:00:00
3,8,3,207,62.1,1759.5,2025-01-08 12:00:00
3,9,3,136,40.8,1156.0,2025-01-09 12:00:00
3,10,3,212,63.6,1802.0,2025-01-10 12:00:00
3,11,3,148,44.4,1258.0,2025-01-11 12:00:00
3,12,3,227,68.1,1929.5,2025-01-12 12:00:00
3,13,3,239,71.7,2031.5,2025-01-13 12:00:00
3,14,3,176,52.8,1496.0,2025-01-14 12:00:00
3,15,3,223,66.9,1895.5,2025-01-15 12:00:00
3,16,3,138,41.4,1173.0,2025-01-16 12:00:00
3,17,3,202,60.6,1717.0,2025-01-17 12:00:00
3,18,3,187,56.1,1589.5,2025-01-18 12:00:00
3,19,3,161,48.3,1368.5,2025-01-19 12:00:00
3,20,3,151,45.3,1283.5,2025-01-20 12:00:00
3,21,3,158,47.4,1343.0,2025-01-21 12:00:00
3,22,3,247,74.1,2099.5,2025-01-22 12:00:00
3,23,3,256,76.8,2176.0,2025-01-23 12:00:00
3,24,3,249,74.7,2116.5,2025-01-24 12:00:00
3,25,3,206,61.8,1751.0,2025-01-25 12:00:00
3,26,3,156,46.8,1326.0,2025-01-26 12:00:00
3,27,3,142,42.6,1207.0,2025-01-27 12:00:00
3,28,3,145,43.5,1232.5,2025-01-28 12:00:00
3,29,3,104,31.2,884.0,2025-01-29 12:00:00
3,30,3,186,55.8,1581.0,2025-01-30 12:00:00
3,31,3,148,44.4,1258.0,2025-02-01 12:00:00
3,32,3,119,35.7,1011.5,2025-02-02 12:00:00
3,33,3,200,60.0,1700.0,2025-02-03 12:00:00
3,34,3,221,66.3,1878.5,2025-02-04 12:00:00
3,35,3,102,30.6,867.0,2025-02-05 12:00:00
3,36,3,112,33.6,952.0,2025-02-06 12:00:00
3,37,3,264,79.2,2244.0,2025-02-07 12:00:00
3,38,3,188,56.4,1598.0,2025-02-08 12:00:00
3,39,3,167,50.1,1419.5,2025-02-09 12:00:00
3,40,3,200,60.0,1700.0,2025-02-10 12:00:00
3,41,3,110,33.0,935.0,2025-02-11 12:00:00
3,42,3,166,49.8,1411.0,2025-02-12 12:00:00
3,43,3,168,50.4,1428.0,2025-02-13 12:00:00
3,44,3,175,52.5,1487.5,2025-02-14 12:00:00
3,45,3,108,32.4,918.0,2025-02-15 12:00:00
3,46,3,139,41.7,1181.5,2025-02-16 12:00:00
3,47,3,144,43.2,1224.0,2025-02-17 12:00:00
3,48,3,223,66.9,1895.5,2025-02-18 12:00:00
3,49,3,137,41.1,1164.5,2025-02-19 12:00:00
3,50,3,232,69.6,1972.0,2025-02-20 12:00:00
3,51,3,189,56.7,1606.5,2025-02-21 12:00:00
3,52,3,136,40.8,1156.0,2025-02-22 12:00:00
3,53,3,127,38.1,1079.5,2025-02-23 12:00:00
3,54,3,180,54.0,1530.0,2025-02-24 12:00:00
3,55,3,139,41.7,1181.5,2025-02-25 12:00:00
3,56,3,161,48.3,1368.5,2025-02-26 12:00:00
3,57,3,206,61.8,1751.0,2025-02-27 12:00:00
3,58,3,179,53.7,1521.5,2025-02-28 12:00:00
3,59,3,139,41.7,1181.5,2025-02-29 12:00:00
3,60,3,172,51.6,1462.0,2025-02-30 12:00:00
3,61,3,246,73.8,2091.0,2025-03-01 12:00:00
3,62,3,191,57.3,1623.5,2025-03-02 12:00:00
3,63,3,158,47.4,1343.0,2025-03-03 12:00:00
3,64,3,187,56.1,1589.5,2025-03-04 12:00:00
3,65,3,112,33.6,952.0,2025-03-05 12:00:00
3,66,3,144,43.2,1224.0,2025-03-06 12:00:00
3,67,3,239,71.7,2031.5,2025-03-07 12:00:00
3,68,3,146,43.8,1241.0,2025-03-08 12:00:00
3,69,3,144,43.2,1224.0,2025-03-09 12:00:00
3,70,3,170,51.0,1445.0,2025-03-10 12:00:00
3,71,3,277,83.1,2354.5,2025-03-11 12:00:00
3,72,3,138,41.4,1173.0,2025-03-12 12:00:00
3,73,3,199,59.7,1691.5,2025-03-13 12:00:00
3,74,3,176,52.8,1496.0,2025-03-14 12:00:00
3,75,3,138,41.4,1173.0,2025-03-15 12:00:00
3,76,3,112,33.6,952.0,2025-03-16 12:00:00
3,77,3,212,63.6,1802.0,2025-03-17 12:00:00
3,78,3,116,34.8,986.0,2025-03-18 12:00:00
3,79,3,197,59.1,1674.5,2025-03-19 12:00:00
3,80,3,248,74.4,2108.0,2025-03-20 12:00:00
3,81,3,169,50.7,1436.5,2025-03-21 12:00:00
3,82,3,213,63.9,1810.5,2025-03-22 12:00:00
3,83,3,162,48.6,1377.0,2025-03-23 12:00:00
3,84,3,136,40.8,1156.0,2025-03-24 12:00:00
3,85,3,287,86.1,2439.5,2025-03-25 12:00:00
3,86,3,167,50.1,1419.5,2025-03-26 12:00:00
3,87,3,156,46.8,1326.0,2025-03-27 12:00:00
3,88,3,249,74.7,2116.5,2025-03-28 12:00:00
3,89,3,237,71.1,2014.5,2025-03-29 12:00:00
3,90,3,161,48.3,1368.5,2025-03-30 12:00:00
3,91,3,259,77.7,2201.5,2025-04-01 12:00:00
3,92,3,189,56.7,1606.5,2025-04-02 12:00:00
3,93,3,128,38.4,1088.0,2025-04-03 12:00:00
3,94,3,224,67.2,1904.0,2025-04-04 12:00:00
3,95,3,106,31.8,901.0,2025-04-05 12:00:00
3,96,3,132,39.6,1122.0,2025-04-06 12:00:00
3,97,3,210,63.0,1785.0,2025-04-07 12:00:00
3,98,3,157,47.1,1334.5,2025-04-08 12:00:00
3,99,3,165,49.5,1402.5,2025-04-09 12:00:00
3,100,3,128,38.4,1088.0,2025-04-10 12:00:00
3,101,3,198,59.4,1683.0,2025-04-11 12:00:00
3,102,3,138,41.4,1173.0,2025-04-12 12:00:00
3,103,3,218,65.4,1853.0,2025-04-13 12:00:00
3,104,3,215,64.5,1827.5,2025-04-14 12:00:00
3,105,3,183,54.9,1555.5,2025-04-15 12:00:00
3,106,3,166,49.8,1411.0,2025-04-16 12:00:00
3,107,3,180,54.0,1530.0,2025-04-17 12:00:00
3,108,3,191,57.3,1623.5,2025-04-18 12:00:00
3,109,3,186,55.8,1581.0,2025-04-19 12:00:00
3,110,3,200,60.0,1700.0,2025-04-20 12:00:00
3,111,3,223,66.9,1895.5,2025-04-21 12:00:00
3,112,3,246,73.8,2091.0,2025-04-22 12:00:00
3,113,3,270,81.0,2295.0,2025-04-23 12:00:00
3,114,3,140,42.0,1190.0,2025-04-24 12:00:00
3,115,3,263,78.9,2235.5,2025-04-25 12:00:00
3,116,3,114,34.2,969.0,2025-04-26 12:00:00
3,117,3,163,48.9,1385.5,2025-04-27 12:00:00
3,118,3,124,37.2,1054.0,2025-04-28 12:00:00
3,119,3,151,45.3,1283.5,2025-04-29 12:00:00
3,120,3,114,34.2,969.0,2025-04-30 12:00:00
3,121,3,126,37.8,1071.0,2025-05-01 12:00:00
3,122,3,159,47.7,1351.5,2025-05-02 12:00:00
3,123,3,244,73.2,2074.0,2025-05-03 12:00:00
3,124,3,147,44.1,1249.5,2025-05-04 12:00:00
3,125,3,126,37.8,1071.0,2025-05-05 12:00:00
3,126,3,149,44.7,1266.5,2025-05-06 12:00:00
3,127,3,270,81.0,2295.0,2025-05-07 12:00:00
3,128,3,123,36.9,1045.5,2025-05-08 12:00:00
3,129,3,270,81.0,2295.0,2025-05-09 12:00:00
3,130,3,185,55.5,1572.5,2025-05-10 12:00:00
3,131,3,116,34.8,986.0,2025-05-11 12:00:00
3,132,3,183,54.9,1555.5,2025-05-12 12:00:00
3,133,3,108,32.4,918.0,2025-05-13 12:00:00
3,134,3,162,48.6,1377.0,2025-05-14 12:00:00
3,135,3,256,76.8,2176.0,2025-05-15 12:00:00
3,136,3,187,56.1,1589.5,2025-05-16 12:00:00
3,137,3,238,71.4,2023.0,2025-05-17 12:00:00
3,138,3,171,51.3,1453.5,2025-05-18 12:00:00
3,139,3,157,47.1,1334.5,2025-05-19 12:00:00
3,140,3,209,62.7,1776.5,2025-05-20 12:00:00
3,141,3,194,58.2,1649.0,2025-05-21 12:00:00
3,142,3,131,39.3,1113.5,2025-05-22 12:00:00
3,143,3,144,43.2,1224.0,2025-05-23 12:00:00
3,144,3,172,51.6,1462.0,2025-05-24 12:00:00
3,145,3,235,70.5,1997.5,2025-05-25 12:00:00
3,146,3,187,56.1,1589.5,2025-05-26 12:00:00
3,147,3,244,73.2,2074.0,2025-05-27 12:00:00
3,148,3,220,66.0,1870.0,2025-05-28 12:00:00
3,149,3,179,53.7,1521.5,2025-05-29 12:00:00
3,150,3,225,67.5,1912.5,2025-05-30 12:00:00
3,151,3,236,70.8,2006.0,2025-06-01 12:00:00
3,152,3,132,39.6,1122.0,2025-06-02 12:00:00
3,153,3,176,52.8,1496.0,2025-06-03 12:00:00
3,154,3,289,86.7,2456.5,2025-06-04 12:00:00
3,155,3,202,60.6,1717.0,2025-06-05 12:00:00
3,156,3,261,78.3,2218.5,2025-06-06 12:00:00
3,157,3,242,72.6,2057.0,2025-06-07 12:00:00
3,158,3,205,61.5,1742.5,2025-06-08 12:00:00
3,159,3,188,56.4,1598.0,2025-06-09 12:00:00
3,160,3,160,48.0,1360.0,2025-06-10 12:00:00
3,161,3,222,66.6,1887.0,2025-06-11 12:00:00
3,162,3,108,32.4,918.0,2025-06-12 12:00:00
3,163,3,172,51.6,1462.0,2025-06-13 12:00:00
3,164,3,140,42.0,1190.0,2025-06-14 12:00:00
3,165,3,107,32.1,909.5,2025-06-15 12:00:00
3,166,3,191,57.3,1623.5,2025-06-16 12:00:00
3,167,3,201,60.3,1708.5,2025-06-17 12:00:00
3,168,3,226,67.8,1921.0,2025-06-18 12:00:00
3,169,3,183,54.9,1555.5,2025-06-19 12:00:00
3,170,3,231,69.3,1963.5,2025-06-20 12:00:00
3,171,3,157,47.1,1334.5,2025-06-21 12:00:00
3,172,3,266,79.8,2261.0,2025-06-22 12:00:00
3,173,3,226,67.8,1921.0,2025-06-23 12:00:00
3,174,3,205,61.5,1742.5,2025-06-24 12:00:00
3,175,3,111,33.3,943.5,2025-06-25 12:00:00
3,176,3,151,45.3,1283.5,2025-06-26 12:00:00
3,177,3,124,37.2,1054.0,2025-06-27 12:00:00
3,178,3,221,66.3,1878.5,2025-06-28 12:00:00
3,179,3,194,58.2,1649.0,2025-06-29 12:00:00
3,180,3,199,59.7,1691.5,2025-06-30 12:00:00
3,181,3,235,70.5,1997.5,2025-07-01 12:00:00
3,182,3,192,57.6,1632.0,2025-07-02 12:00:00
3,183,3,171,51.3,1453.5,2025-07-03 12:00:00
3,184,3,183,54.9,1555.5,2025-07-04 12:00:00
3,185,3,245,73.5,2082.5,2025-07-05 12:00:00
3,186,3,289,86.7,2456.5,2025-07-06 12:00:00
3,187,3,195,58.5,1657.5,2025-07-07 12:00:00
3,188,3,244,73.2,2074.0,2025-07-08 12:00:00
3,189,3,270,81.0,2295.0,2025-07-09 12:00:00
3,190,3,134,40.2,1139.0,2025-07-10 12:00:00
3,191,3,236,70.8,2006.0,2025-07-11 12:00:00
3,192,3,175,52.5,1487.5,2025-07-12 12:00:00
3,193,3,193,57.9,1640.5,2025-07-13 12:00:00
3,194,3,163,48.9,1385.5,2025-07-14 12:00:00
3,195,3,176,52.8,1496.0,2025-07-15 12:00:00
3,196,3,207,62.1,1759.5,2025-07-16 12:00:00
3,197,3,189,56.7,1606.5,2025-07-17 12:00:00
3,198,3,195,58.5,1657.5,2025-07-18 12:00:00
3,199,3,216,64.8,1836.0,2025-07-19 12:00:00
3,200,3,165,49.5,1402.5,2025-07-20 12:00:00
3,201,3,105,31.5,892.5,2025-07-21 12:00:00
3,202,3,214,64.2,1819.0,2025-07-22 12:00:00
3,203,3,264,79.2,2244.0,2025-07-23 12:00:00
3,204,3,230,69.0,1955.0,2025-07-24 12:00:00
3,205,3,117,35.1,994.5,2025-07-25 12:00:00
3,206,3,120,36.0,1020.0,2025-07-26 12:00:00
3,207,3,198,59.4,1683.0,2025-07-27 12:00:00
3,208,3,147,44.1,1249.5,2025-07-28 12:00:00
3,209,3,186,55.8,1581.0,2025-07-29 12:00:00
3,210,3,113,33.9,960.5,2025-07-30 12:00:00
3,211,3,101,30.3,858.5,2025-08-01 12:00:00
3,212,3,176,52.8,1496.0,2025-08-02 12:00:00
3,213,3,140,42.0,1190.0,2025-08-03 12:00:00
3,214,3,199,59.7,1691.5,2025-08-04 12:00:00
3,215,3,113,33.9,960.5,2025-08-05 12:00:00
3,216,3,223,66.9,1895.5,2025-08-06 12:00:00
3,217,3,169,50.7,1436.5,2025-08-07 12:00:00
3,218,3,222,66.6,1887.0,2025-08-08 12:00:00
3,219,3,167,50.1,1419.5,2025-08-09 12:00:00
3,220,3,104,31.2,884.0,2025-08-10 12:00:00
3,221,3,144,43.2,1224.0,2025-08-11 12:00:00
3,222,3,186,55.8,1581.0,2025-08-12 12:00:00
3,223,3,109,32.7,926.5,2025-08-13 12:00:00
3,224,3,217,65.1,1844.5,2025-08-14 12:00:00
3,225,3,179,53.7,1521.5,2025-08-15 12:00:00
3,226,3,192,57.6,1632.0,2025-08-16 12:00:00
3,227,3,175,52.5,1487.5,2025-08-17 12:00:00
3,228,3,100,30.0,850.0,2025-08-18 12:00:00
3,229,3,119,35.7,1011.5,2025-08-19 12:00:00
3,230,3,100,30.0,850.0,2025-08-20 12:00:00
3,231,3,203,60.9,1725.5,2025-08-21 12:00:00
3,232,3,167,50.1,1419.5,2025-08-22 12:00:00
3,233,3,246,73.8,2091.0,2025-08-23 12:00:00
3,234,3,148,44.4,1258.0,2025-08-24 12:00:00
3,235,3,219,65.7,1861.5,2025-08-25 12:00:00
3,236,3,155,46.5,1317.5,2025-08-26 12:00:00
3,237,3,233,69.9,1980.5,2025-08-27 12:00:00
3,238,3,247,74.1,2099.5,2025-08-28 12:00:00
3,239,3,177,53.1,1504.5,2025-08-29 12:00:00
3,240,3,136,40.8,1156.0,2025-08-30 12:00:00
3,241,3,165,49.5,1402.5,2025-09-01 12:00:00
3,242,3,218,65.4,1853.0,2025-09-02 12:00:00
3,243,3,158,47.4,1343.0,2025-09-03 12:00:00
3,244,3,111,33.3,943.5,2025-09-04 12:00:00
3,245,3,119,35.7,1011.5,2025-09-05 12:00:00
3,246,3,182,54.6,1547.0,2025-09-06 12:00:00
3,247,3,149,44.7,1266.5,2025-09-07 12:00:00
3,248,3,178,53.4,1513.0,2025-09-08 12:00:00
3,249,3,177,53.1,1504.5,2025-09-09 12:00:00
3,250,3,267,80.1,2269.5,2025-09-10 12:00:00
3,251,3,151,45.3,1283.5,2025-09-11 12:00:00
3,252,3,223,66.9,1895.5,2025-09-12 12:00:00
3,253,3,147,44.1,1249.5,2025-09-13 12:00:00
3,254,3,184,55.2,1564.0,2025-09-14 12:00:00
3,255,3,107,32.1,909.5,2025-09-15 12:00:00
3,256,3,104,31.2,884.0,2025-09-16 12:00:00
3,257,3,185,55.5,1572.5,2025-09-17 12:00:00
3,258,3,133,39.9,1130.5,2025-09-18 12:00:00
3,259,3,154,46.2,1309.0,2025-09-19 12:00:00
3,260,3,253,75.9,2150.5,2025-09-20 12:00:00
3,261,3,244,73.2,2074.0,2025-09-21 12:00:00
3,262,3,275,82.5,2337.5,2025-09-22 12:00:00
3,263,3,212,63.6,1802.0,2025-09-23 12:00:00
3,264,3,171,51.3,1453.5,2025-09-24 12:00:00
3,265,3,185,55.5,1572.5,2025-09-25 12:00:00
3,266,3,132,39.6,1122.0,2025-09-26 12:00:00
3,267,3,246,73.8,2091.0,2025-09-27 12:00:00
3,268,3,241,72.3,2048.5,2025-09-28 12:00:00
3,269,3,187,56.1,1589.5,2025-09-29 12:00:00
3,270,3,204,61.2,1734.0,2025-09-30 12:00:00
3,271,3,202,60.6,1717.0,2025-10-01 12:00:00
3,272,3,188,56.4,1598.0,2025-10-02 12:00:00
3,273,3,112,33.6,952.0,2025-10-03 12:00:00
3,274,3,176,52.8,1496.0,2025-10-04 12:00:00
3,275,3,167,50.1,1419.5,2025-10-05 12:00:00
3,276,3,224,67.2,1904.0,2025-10-06 12:00:00
3,277,3,231,69.3,1963.5,2025-10-07 12:00:00
3,278,3,118,35.4,1003.0,2025-10-08 12:00:00
3,279,3,181,54.3,1538.5,2025-10-09 12:00:00
3,280,3,122,36.6,1037.0,2025-10-10 12:00:00
3,281,3,248,74.4,2108.0,2025-10-11 12:00:00
3,282,3,228,68.4,1938.0,2025-10-12 12:00:00
3,283,3,193,57.9,1640.5,2025-10-13 12:00:00
3,284,3,188,56.4,1598.0,2025-10-14 12:00:00
3,285,3,282,84.6,2397.0,2025-10-15 12:00:00
3,286,3,175,52.5,1487.5,2025-10-16 12:00:00
3,287,3,282,84.6,2397.0,2025-10-17 12:00:00
3,288,3,286,85.8,2431.0,2025-10-18 12:00:00
3,289,3,188,56.4,1598.0,2025-10-19 12:00:00
3,290,3,134,40.2,1139.0,2025-10-20 12:00:00
3,291,3,201,60.3,1708.5,2025-10-21 12:00:00
3,292,3,150,45.0,1275.0,2025-10-22 12:00:00
3,293,3,209,62.7,1776.5,2025-10-23 12:00:00
3,294,3,173,51.9,1470.5,2025-10-24 12:00:00
3,295,3,108,32.4,918.0,2025-10-25 12:00:00
3,296,3,184,55.2,1564.0,2025-10-26 12:00:00
3,297,3,211,63.3,1793.5,2025-10-27 12:00:00
3,298,3,216,64.8,1836.0,2025-10-28 12:00:00
3,299,3,151,45.3,1283.5,2025-10-29 12:00:00
3,300,3,147,44.1,1249.5,2025-10-30 12:00:00
3,301,3,143,42.9,1215.5,2025-11-01 12:00:00
3,302,3,114,34.2,969.0,2025-11-02 12:00:00
3,303,3,186,55.8,1581.0,2025-11-03 12:00:00
3,304,3,145,43.5,1232.5,2025-11-04 12:00:00
3,305,3,207,62.1,1759.5,2025-11-05 12:00:00
3,306,3,160,48.0,1360.0,2025-11-06 12:00:00
3,307,3,246,73.8,2091.0,2025-11-07 12:00:00
3,308,3,219,65.7,1861.5,2025-11-08 12:00:00
3,309,3,216,64.8,1836.0,2025-11-09 12:00:00
3,310,3,124,37.2,1054.0,2025-11-10 12:00:00
3,311,3,150,45.0,1275.0,2025-11-11 12:00:00
3,312,3,167,50.1,1419.5,2025-11-12 12:00:00
3,313,3,280,84.0,2380.0,2025-11-13 12:00:00
3,314,3,158,47.4,1343.0,2025-11-14 12:00:00
3,315,3,177,53.1,1504.5,2025-11-15 12:00:00
3,316,3,216,64.8,1836.0,2025-11-16 12:00:00
3,317,3,166,49.8,1411.0,2025-11-17 12:00:00
3,318,3,134,40.2,1139.0,2025-11-18 12:00:00
3,319,3,243,72.9,2065.5,2025-11-19 12:00:00
3,320,3,245,73.5,2082.5,2025-11-20 12:00:00
3,321,3,176,52.8,1496.0,2025-11-21 12:00:00
3,322,3,189,56.7,1606.5,2025-11-22 12:00:00
3,323,3,233,69.9,1980.5,2025-11-23 12:00:00
3,324,3,106,31.8,901.0,2025-11-24 12:00:00
3,325,3,173,51.9,1470.5,2025-11-25 12:00:00
3,326,3,240,72.0,2040.0,2025-11-26 12:00:00
3,327,3,155,46.5,1317.5,2025-11-27 12:00:00
3,328,3,141,42.3,1198.5,2025-11-28 12:00:00
3,329,3,175,52.5,1487.5,2025-11-29 12:00:00
3,330,3,257,77.1,2184.5,2025-11-30 12:00:00
3,331,3,153,45.9,1300.5,2025-12-01 12:00:00
3,332,3,219,65.7,1861.5,2025-12-02 12:00:00
3,333,3,205,61.5,1742.5,2025-12-03 12:00:00
3,334,3,222,66.6,1887.0,2025-12-04 12:00:00
3,335,3,218,65.4,1853.0,2025-12-05 12:00:00
3,336,3,257,77.1,2184.5,2025-12-06 12:00:00
3,337,3,276,82.8,2346.0,2025-12-07 12:00:00
3,338,3,148,44.4,1258.0,2025-12-08 12:00:00
3,339,3,109,32.7,926.5,2025-12-09 12:00:00
3,340,3,261,78.3,2218.5,2025-12-10 12:00:00
3,341,3,264,79.2,2244.0,2025-12-11 12:00:00
3,342,3,171,51.3,1453.5,2025-12-12 12:00:00
3,343,3,188,56.4,1598.0,2025-12-13 12:00:00
3,344,3,230,69.0,1955.0,2025-12-14 12:00:00
3,345,3,167,50.1,1419.5,2025-12-15 12:00:00
3,346,3,118,35.4,1003.0,2025-12-16 12:00:00
3,347,3,159,47.7,1351.5,2025-12-17 12:00:00
3,348,3,188,56.4,1598.0,2025-12-18 12:00:00
3,349,3,246,73.8,2091.0,2025-12-19 12:00:00
3,350,3,168,50.4,1428.0,2025-12-20 12:00:00
3,351,3,148,44.4,1258.0,2025-12-21 12:00:00
3,352,3,207,62.1,1759.5,2025-12-22 12:00:00
3,353,3,218,65.4,1853.0,2025-12-23 12:00:00
3,354,3,289,86.7,2456.5,2025-12-24 12:00:00
3,355,3,136,40.8,1156.0,2025-12-25 12:00:00
3,356,3,110,33.0,935.0,2025-12-26 12:00:00
3,357,3,177,53.1,1504.5,2025-12-27 12:00:00
3,358,3,101,30.3,858.5,2025-12-28 12:00:00
3,359,3,106,31.8,901.0,2025-12-29 12:00:00
3,360,3,285,85.5,2422.5,2025-12-30 12:00:00
3,361,3,141,42.3,1198.5,2025-13-01 12:00:00
3,362,3,264,79.2,2244.0,2025-13-02 12:00:00
3,363,3,123,36.9,1045.5,2025-13-03 12:00:00
3,364,3,118,35.4,1003.0,2025-13-04 12:00:00
3,365,3,201,60.3,1708.5,2025-13-05 12:00:00
4,1,4,131,39.3,1113.5,2025-01-01 12:00:00
4,2,4,208,62.4,1768.0,2025-01-02 12:00:00
4,3,4,135,40.5,1147.5,2025-01-03 12:00:00
4,4,4,196,58.8,1666.0,2025-01-04 12:00:00
4,5,4,230,69.0,1955.0,2025-01-05 12:00:00
4,6,4,235,70.5,1997.5,2025-01-06 12:00:00
4,7,4,222,66.6,1887.0,2025-01-07 12:00:00
4,8,4,112,33.6,952.0,2025-01-08 12:00:00
4,9,4,159,47.7,1351.5,2025-01-09 12:00:00
4,10,4,104,31.2,884.0,2025-01-10 12:00:00
4,11,4,126,37.8,1071.0,2025-01-11 12:00:00
4,12,4,147,44.1,1249.5,2025-01-12 12:00:00
4,13,4,149,44.7,1266.5,2025-01-13 12:00:00
4,14,4,143,42.9,1215.5,2025-01-14 12:00:00
4,15,4,142,42.6,1207.0,2025-01-15 12:00:00
4,16,4,209,62.7,1776.5,2025-01-16 12:00:00
4,17,4,101,30.3,858.5,2025-01-17 12:00:00
4,18,4,134,40.2,1139.0,2025-01-18 12:00:00
4,19,4,129,38.7,1096.5,2025-01-19 12:00:00
4,20,4,147,44.1,1249.5,2025-01-20 12:00:00
4,21,4,183,54.9,1555.5,2025-01-21 12:00:00
4,22,4,175,52.5,1487.5,2025-01-22 12:00:00
4,23,4,176,52.8,1496.0,2025-01-23 12:00:00
4,24,4,154,46.2,1309.0,2025-01-24 12:00:00
4,25,4,205,61.5,1742.5,2025-01-25 12:00:00
4,26,4,194,58.2,1649.0,2025-01-26 12:00:00
4,27,4,111,33.3,943.5,2025-01-27 12:00:00
4,28,4,243,72.9,2065.5,2025-01-28 12:00:00
4,29,4,235,70.5,1997.5,2025-01-29 12:00:00
4,30,4,142,42.6,1207.0,2025-01-30 12:00:00
4,31,4,129,38.7,1096.5,2025-02-01 12:00:00
4,32,4,122,36.6,1037.0,2025-02-02 12:00:00
4,33,4,243,72.9,2065.5,2025-02-03 12:00:00
4,34,4,144,43.2,1224.0,2025-02-04 12:00:00
4,35,4,243,72.9,2065.5,2025-02-05 12:00:00
4,36,4,247,74.1,2099.5,2025-02-06 12:00:00
4,37,4,220,66.0,1870.0,2025-02-07 12:00:00
4,38,4,223,66.9,1895.5,2025-02-08 12:00:00
4,39,4,249,74.7,2116.5,2025-02-09 12:00:00
4,40,4,131,39.3,1113.5,2025-02-10 12:00:00
4,41,4,115,34.5,977.5,2025-02-11 12:00:00
4,42,4,137,41.1,1164.5,2025-02-12 12:00:00
4,43,4,281,84.3,2388.5,2025-02-13 12:00:00
4,44,4,213,63.9,1810.5,2025-02-14 12:00:00
4,45,4,165,49.5,1402.5,2025-02-15 12:00:00
4,46,4,184,55.2,1564.0,2025-02-16 12:00:00
4,47,4,174,52.2,1479.0,2025-02-17 12:00:00
4,48,4,154,46.2,1309.0,2025-02-18 12:00:00
4,49,4,249,74.7,2116.5,2025-02-19 12:00:00
4,50,4,242,72.6,2057.0,2025-02-20 12:00:00
4,51,4,199,59.7,1691.5,2025-02-21 12:00:00
4,52,4,111,33.3,943.5,2025-02-22 12:00:00
4,53,4,148,44.4,1258.0,2025-02-23 12:00:00
4,54,4,181,54.3,1538.5,2025-02-24 12:00:00
4,55,4,134,40.2,1139.0,2025-02-25 12:00:00
4,56,4,273,81.9,2320.5,2025-02-26 12:00:00
4,57,4,179,53.7,1521.5,2025-02-27 12:00:00
4,58,4,113,33.9,960.5,2025-02-28 12:00:00
4,59,4,242,72.6,2057.0,2025-02-29 12:00:00
4,60,4,205,61.5,1742.5,2025-02-30 12:00:00
4,61,4,269,80.7,2286.5,2025-03-01 12:00:00
4,62,4,119,35.7,1011.5,2025-03-02 12:00:00
4,63,4,109,32.7,926.5,2025-03-03 12:00:00
4,64,4,164,49.2,1394.0,2025-03-04 12:00:00
4,65,4,172,51.6,1462.0,2025-03-05 12:00:00
4,66,4,194,58.2,1649.0,2025-03-06 12:00:00
4,67,4,164,49.2,1394.0,2025-03-07 12:00:00
4,68,4,179,53.7,1521.5,2025-03-08 12:00:00
4,69,4,264,79.2,2244.0,2025-03-09 12:00:00
4,70,4,270,81.0,2295.0,2025-03-10 12:00:00
4,71,4,233,69.9,1980.5,2025-03-11 12:00:00
4,72,4,280,84.0,2380.0,2025-03-12 12:00:00
4,73,4,275,82.5,2337.5,2025-03-13 12:00:00
4,74,4,164,49.2,1394.0,2025-03-14 12:00:00
4,75,4,167,50.1,1419.5,2025-03-15 12:00:00
4,76,4,111,33.3,943.5,2025-03-16 12:00:00
4,77,4,130,39.0,1105.0,2025-03-17 12:00:00
4,78,4,119,35.7,1011.5,2025-03-18 12:00:00
4,79,4,159,47.7,1351.5,2025-03-19 12:00:00
4,80,4,192,57.6,1632.0,2025-03-20 12:00:00
4,81,4,229,68.7,1946.5,2025-03-21 12:00:00
4,82,4,170,51.0,1445.0,2025-03-22 12:00:00
4,83,4,144,43.2,1224.0,2025-03-23 12:00:00
4,84,4,149,44.7,1266.5,2025-03-24 12:00:00
4,85,4,269,80.7,2286.5,2025-03-25 12:00:00
4,86,4,155,46.5,1317.5,2025-03-26 12:00:00
4,87,4,182,54.6,1547.0,2025-03-27 12:00:00
4,88,4,198,59.4,1683.0,2025-03-28 12:00:00
4,89,4,212,63.6,1802.0,2025-03-29 12:00:00
4,90,4,214,64.2,1819.0,2025-03-30 12:00:00
4,91,4,179,53.7,1521.5,2025-04-01 12:00:00
4,92,4,196,58.8,1666.0,2025-04-02 12:00:00
4,93,4,103,30.9,875.5,2025-04-03 12:00:00
4,94,4,139,41.7,1181.5,2025-04-04 12:00:00
4,95,4,200,60.0,1700.0,2025-04-05 12:00:00
4,96,4,223,66.9,1895.5,2025-04-06 12:00:00
4,97,4,191,57.3,1623.5,2025-04-07 12:00:00
4,98,4,223,66.9,1895.5,2025-04-08 12:00:00
4,99,4,162,48.6,1377.0,2025-04-09 12:00:00
4,100,4,215,64.5,1827.5,2025-04-10 12:00:00
4,101,4,106,31.8,901.0,2025-04-11 12:00:00
4,102,4,231,69.3,1963.5,2025-04-12 12:00:00
4,103,4,153,45.9,1300.5,2025-04-13 12:00:00
4,104,4,185,55.5,1572.5,2025-04-14 12:00:00
4,105,4,229,68.7,1946.5,2025-04-15 12:00:00
4,106,4,288,86.4,2448.0,2025-04-16 12:00:00
4,107,4,218,65.4,1853.0,2025-04-17 12:00:00
4,108,4,277,83.1,2354.5,2025-04-18 12:00:00
4,109,4,197,59.1,1674.5,2025-04-19 12:00:00
4,110,4,272,81.6,2312.0,2025-04-20 12:00:00
4,111,4,112,33.6,952.0,2025-04-21 12:00:00
4,112,4,221,66.3,1878.5,2025-04-22 12:00:00
4,113,4,238,71.4,2023.0,2025-04-23 12:00:00
4,114,4,191,57.3,1623.5,2025-04-24 12:00:00
4,115,4,256,76.8,2176.0,2025-04-25 12:00:00
4,116,4,173,51.9,1470.5,2025-04-26 12:00:00
4,117,4,251,75.3,2133.5,2025-04-27 12:00:00
4,118,4,141,42.3,1198.5,2025-04-28 12:00:00
4,119,4,181,54.3,1538.5,2025-04-29 12:00:00
4,120,4,212,63.6,1802.0,2025-04-30 12:00:00
4,121,4,116,34.8,986.0,2025-05-01 12:00:00
4,122,4,276,82.8,2346.0,2025-05-02 12:00:00
4,123,4,228,68.4,1938.0,2025-05-03 12:00:00
4,124,4,159,47.7,1351.5,2025-05-04 12:00:00
4,125,4,128,38.4,1088.0,2025-05-05 12:00:00
4,126,4,109,32.7,926.5,2025-05-06 12:00:00
4,127,4,157,47.1,1334.5,2025-05-07 12:00:00
4,128,4,120,36.0,1020.0,2025-05-08 12:00:00
4,129,4,133,39.9,1130.5,2025-05-09 12:00:00
4,130,4,178,53.4,1513.0,2025-05-10 12:00:00
4,131,4,186,55.8,1581.0,2025-05-11 12:00:00
4,132,4,208,62.4,1768.0,2025-05-12 12:00:00
4,133,4,186,55.8,1581.0,2025-05-13 12:00:00
4,134,4,107,32.1,909.5,2025-05-14 12:00:00
4,135,4,186,55.8,1581.0,2025-05-15 12:00:00
4,136,4,228,68.4,1938.0,2025-05-16 12:00:00
4,137,4,116,34.8,986.0,2025-05-17 12:00:00
4,138,4,247,74.1,2099.5,2025-05-18 12:00:00
4,139,4,197,59.1,1674.5,2025-05-19 12:00:00
4,140,4,238,71.4,2023.0,2025-05-20 12:00:00
4,141,4,282,84.6,2397.0,2025-05-21 12:00:00
4,142,4,274,82.2,2329.0,2025-05-22 12:00:00
4,143,4,167,50.1,1419.5,2025-05-23 12:00:00
4,144,4,144,43.2,1224.0,2025-05-24 12:00:00
4,145,4,193,57.9,1640.5,2025-05-25 12:00:00
4,146,4,235,70.5,1997.5,2025-05-26 12:00:00
4,147,4,163,48.9,1385.5,2025-05-27 12:00:00
4,148,4,137,41.1,1164.5,2025-05-28 12:00:00
4,149,4,211,63.3,1793.5,2025-05-29 12:00:00
4,150,4,235,70.5,1997.5,2025-05-30 12:00:00
4,151,4,172,51.6,1462.0,2025-06-01 12:00:00
4,152,4,148,44.4,1258.0,2025-06-02 12:00:00
4,153,4,225,67.5,1912.5,2025-06-03 12:00:00
4,154,4,177,53.1,1504.5,2025-06-04 12:00:00
4,155,4,221,66.3,1878.5,2025-06-05 12:00:00
4,156,4,253,75.9,2150.5,2025-06-06 12:00:00
4,157,4,248,74.4,2108.0,2025-06-07 12:00:00
4,158,4,239,71.7,2031.5,2025-06-08 12:00:00
4,159,4,141,42.3,1198.5,2025-06-09 12:00:00
4,160,4,152,45.6,1292.0,2025-06-10 12:00:00
4,161,4,234,70.2,1989.0,2025-06-11 12:00:00
4,162,4,131,39.3,1113.5,2025-06-12 12:00:00
4,163,4,110,33.0,935.0,2025-06-13 12:00:00
4,164,4,114,34.2,969.0,2025-06-14 12:00:00
4,165,4,245,73.5,2082.5,2025-06-15 12:00:00
4,166,4,198,59.4,1683.0,2025-06-16 12:00:00
4,167,4,223,66.9,1895.5,2025-06-17 12:00:00
4,168,4,253,75.9,2150.5,2025-06-18 12:00:00
4,169,4,171,51.3,1453.5,2025-06-19 12:00:00
4,170,4,252,75.6,2142.0,2025-06-20 12:00:00
4,171,4,288,86.4,2448.0,2025-06-21 12:00:00
4,172,4,221,66.3,1878.5,2025-06-22 12:00:00
4,173,4,178,53.4,1513.0,2025-06-23 12:00:00
4,174,4,111,33.3,943.5,2025-06-24 12:00:00
4,175,4,117,35.1,994.5,2025-06-25 12:00:00
4,176,4,280,84.0,2380.0,2025-06-26 12:00:00
4,177,4,265,79.5,2252.5,2025-06-27 12:00:00
4,178,4,145,43.5,1232.5,2025-06-28 12:00:00
4,179,4,234,70.2,1989.0,2025-06-29 12:00:00
4,180,4,225,67.5,1912.5,2025-06-30 12:00:00
4,181,4,228,68.4,1938.0,2025-07-01 12:00:00
4,182,4,231,69.3,1963.5,2025-07-02 12:00:00
4,183,4,101,30.3,858.5,2025-07-03 12:00:00
4,184,4,166,49.8,1411.0,2025-07-04 12:00:00
4,185,4,194,58.2,1649.0,2025-07-05 12:00:00
4,186,4,187,56.1,1589.5,2025-07-06 12:00:00
4,187,4,121,36.3,1028.5,2025-07-07 12:00:00
4,188,4,196,58.8,1666.0,2025-07-08 12:00:00
4,189,4,142,42.6,1207.0,2025-07-09 12:00:00
4,190,4,158,47.4,1343.0,2025-07-10 12:00:00
4,191,4,169,50.7,1436.5,2025-07-11 12:00:00
4,192,4,207,62.1,1759.5,2025-07-12 12:00:00
4,193,4,124,37.2,1054.0,2025-07-13 12:00:00
4,194,4,210,63.0,1785.0,2025-07-14 12:00:00
4,195,4,205,61.5,1742.5,2025-07-15 12:00:00
4,196,4,283,84.9,2405.5,2025-07-16 12:00:00
4,197,4,228,68.4,1938.0,2025-07-17 12:00:00
4,198,4,104,31.2,884.0,2025-07-18 12:00:00
4,199,4,231,69.3,1963.5,2025-07-19 12:00:00
4,200,4,163,48.9,1385.5,2025-07-20 12:00:00
4,201,4,197,59.1,1674.5,2025-07-21 12:00:00
4,202,4,109,32.7,926.5,2025-07-22 12:00:00
4,203,4,267,80.1,2269.5,2025-07-23 12:00:00
4,204,4,165,49.5,1402.5,2025-07-24 12:00:00
4,205,4,211,63.3,1793.5,2025-07-25 12:00:00
4,206,4,236,70.8,2006.0,2025-07-26 12:00:00
4,207,4,225,67.5,1912.5,2025-07-27 12:00:00
4,208,4,189,56.7,1606.5,2025-07-28 12:00:00
4,209,4,193,57.9,1640.5,2025-07-29 12:00:00
4,210,4,113,33.9,960.5,2025-07-30 12:00:00
4,211,4,260,78.0,2210.0,2025-08-01 12:00:00
4,212,4,214,64.2,1819.0,2025-08-02 12:00:00
4,213,4,169,50.7,1436.5,2025-08-03 12:00:00
4,214,4,240,72.0,2040.0,2025-08-04 12:00:00
4,215,4,271,81.3,2303.5,2025-08-05 12:00:00
4,216,4,224,67.2,1904.0,2025-08-06 12:00:00
4,217,4,119,35.7,1011.5,2025-08-07 12:00:00
4,218,4,123,36.9,1045.5,2025-08-08 12:00:00
4,219,4,176,52.8,1496.0,2025-08-09 12:00:00
4,220,4,153,45.9,1300.5,2025-08-10 12:00:00
4,221,4,202,60.6,1717.0,2025-08-11 12:00:00
4,222,4,177,53.1,1504.5,2025-08-12 12:00:00
4,223,4,103,30.9,875.5,2025-08-13 12:00:00
4,224,4,159,47.7,1351.5,2025-08-14 12:00:00
4,225,4,218,65.4,1853.0,2025-08-15 12:00:00
4,226,4,103,30.9,875.5,2025-08-16 12:00:00
4,227,4,102,30.6,867.0,2025-08-17 12:00:00
4,228,4,219,65.7,1861.5,2025-08-18 12:00:00
4,229,4,194,58.2,1649.0,2025-08-19 12:00:00
4,230,4,271,81.3,2303.5,2025-08-20 12:00:00
4,231,4,163,48.9,1385.5,2025-08-21 12:00:00
4,232,4,181,54.3,1538.5,2025-08-22 12:00:00
4,233,4,199,59.7,1691.5,2025-08-23 12:00:00
4,234,4,188,56.4,1598.0,2025-08-24 12:00:00
4,235,4,249,74.7,2116.5,2025-08-25 12:00:00
4,236,4,248,74.4,2108.0,2025-08-26 12:00:00
4,237,4,129,38.7,1096.5,2025-08-27 12:00:00
4,238,4,256,76.8,2176.0,2025-08-28 12:00:00
4,239,4,118,35.4,1003.0,2025-08-29 12:00:00
4,240,4,193,57.9,1640.5,2025-08-30 12:00:00
4,241,4,252,75.6,2142.0,2025-09-01 12:00:00
4,242,4,285,85.5,2422.5,2025-09-02 12:00:00
4,243,4,252,75.6,2142.0,2025-09-03 12:00:00
4,244,4,186,55.8,1581.0,2025-09-04 12:00:00
4,245,4,156,46.8,1326.0,2025-09-05 12:00:00
4,246,4,184,55.2,1564.0,2025-09-06 12:00:00
4,247,4,244,73.2,2074.0,2025-09-07 12:00:00
4,248,4,103,30.9,875.5,2025-09-08 12:00:00
4,249,4,186,55.8,1581.0,2025-09-09 12:00:00
4,250,4,282,84.6,2397.0,2025-09-10 12:00:00
4,251,4,146,43.8,1241.0,2025-09-11 12:00:00
4,252,4,223,66.9,1895.5,2025-09-12 12:00:00
4,253,4,202,60.6,1717.0,2025-09-13 12:00:00
4,254,4,189,56.7,1606.5,2025-09-14 12:00:00
4,255,4,168,50.4,1428.0,2025-09-15 12:00:00
4,256,4,200,60.0,1700.0,2025-09-16 12:00:00
4,257,4,149,44.7,1266.5,2025-09-17 12:00:00
4,258,4,206,61.8,1751.0,2025-09-18 12:00:00
4,259,4,193,57.9,1640.5,2025-09-19 12:00:00
4,260,4,220,66.0,1870.0,2025-09-20 12:00:00
4,261,4,248,74.4,2108.0,2025-09-21 12:00:00
4,262,4,286,85.8,2431.0,2025-09-22 12:00:00
4,263,4,134,40.2,1139.0,2025-09-23 12:00:00
4,264,4,168,50.4,1428.0,2025-09-24 12:00:00
4,265,4,148,44.4,1258.0,2025-09-25 12:00:00
4,266,4,213,63.9,1810.5,2025-09-26 12:00:00
4,267,4,199,59.7,1691.5,2025-09-27 12:00:00
4,268,4,189,56.7,1606.5,2025-09-28 12:00:00
4,269,4,225,67.5,1912.5,2025-09-29 12:00:00
4,270,4,138,41.4,1173.0,2025-09-30 12:00:00
4,271,4,228,68.4,1938.0,2025-10-01 12:00:00
4,272,4,196,58.8,1666.0,2025-10-02 12:00:00
4,273,4,169,50.7,1436.5,2025-10-03 12:00:00
4,274,4,159,47.7,1351.5,2025-10-04 12:00:00
4,275,4,156,46.8,1326.0,2025-10-05 12:00:00
4,276,4,175,52.5,1487.5,2025-10-06 12:00:00
4,277,4,247,74.1,2099.5,2025-10-07 12:00:00
4,278,4,185,55.5,1572.5,2025-10-08 12:00:00
4,279,4,113,33.9,960.5,2025-10-09 12:00:00
4,280,4,277,83.1,2354.5,2025-10-10 12:00:00
4,281,4,243,72.9,2065.5,2025-10-11 12:00:00
4,282,4,245,73.5,2082.5,2025-10-12 12:00:00
4,283,4,209,62.7,1776.5,2025-10-13 12:00:00
4,284,4,172,51.6,1462.0,2025-10-14 12:00:00
4,285,4,206,61.8,1751.0,2025-10-15 12:00:00
4,286,4,221,66.3,1878.5,2025-10-16 12:00:00
4,287,4,246,73.8,2091.0,2025-10-17 12:00:00
4,288,4,160,48.0,1360.0,2025-10-18 12:00:00
4,289,4,106,31.8,901.0,2025-10-19 12:00:00
4,290,4,226,67.8,1921.0,2025-10-20 12:00:00
4,291,4,247,74.1,2099.5,2025-10-21 12:00:00
4,292,4,282,84.6,2397.0,2025-10-22 12:00:00
4,293,4,248,74.4,2108.0,2025-10-23 12:00:00
4,294,4,219,65.7,1861.5,2025-10-24 12:00:00
4,295,4,156,46.8,1326.0,2025-10-25 12:00:00
4,296,4,157,47.1,1334.5,2025-10-26 12:00:00
4,297,4,221,66.3,1878.5,2025-10-27 12:00:00
4,298,4,230,69.0,1955.0,2025-10-28 12:00:00
4,299,4,188,56.4,1598.0,2025-10-29 12:00:00
4,300,4,254,76.2,2159.0,2025-10-30 12:00:00
4,301,4,224,67.2,1904.0,2025-11-01 12:00:00
4,302,4,216,64.8,1836.0,2025-11-02 12:00:00
4,303,4,226,67.8,1921.0,2025-11-03 12:00:00
4,304,4,170,51.0,1445.0,2025-11-04 12:00:00
4,305,4,172,51.6,1462.0,2025-11-05 12:00:00
4,306,4,160,48.0,1360.0,2025-11-06 12:00:00
4,307,4,127,38.1,1079.5,2025-11-07 12:00:00
4,308,4,182,54.6,1547.0,2025-11-08 12:00:00
4,309,4,185,55.5,1572.5,2025-11-09 12:00:00
4,310,4,116,34.8,986.0,2025-11-10 12:00:00
4,311,4,197,59.1,1674.5,2025-11-11 12:00:00
4,312,4,173,51.9,1470.5,2025-11-12 12:00:00
4,313,4,144,43.2,1224.0,2025-11-13 12:00:00
4,314,4,121,36.3,1028.5,2025-11-14 12:00:00
4,315,4,156,46.8,1326.0,2025-11-15 12:00:00
4,316,4,173,51.9,1470.5,2025-11-16 12:00:00
4,317,4,243,72.9,2065.5,2025-11-17 12:00:00
4,318,4,224,67.2,1904.0,2025-11-18 12:00:00
4,319,4,185,55.5,1572.5,2025-11-19 12:00:00
4,320,4,187,56.1,1589.5,2025-11-20 12:00:00
4,321,4,137,41.1,1164.5,2025-11-21 12:00:00
4,322,4,277,83.1,2354.5,2025-11-22 12:00:00
4,323,4,162,48.6,1377.0,2025-11-23 12:00:00
4,324,4,131,39.3,1113.5,2025-11-24 12:00:00
4,325,4,120,36.0,1020.0,2025-11-25 12:00:00
4,326,4,266,79.8,2261.0,2025-11-26 12:00:00
4,327,4,209,62.7,1776.5,2025-11-27 12:00:00
4,328,4,282,84.6,2397.0,2025-11-28 12:00:00
4,329,4,218,65.4,1853.0,2025-11-29 12:00:00
4,330,4,255,76.5,2167.5,2025-11-30 12:00:00
4,331,4,224,67.2,1904.0,2025-12-01 12:00:00
4,332,4,157,47.1,1334.5,2025-12-02 12:00:00
4,333,4,252,75.6,2142.0,2025-12-03 12:00:00
4,334,4,230,69.0,1955.0,2025-12-04 12:00:00
4,335,4,143,42.9,1215.5,2025-12-05 12:00:00
4,336,4,141,42.3,1198.5,2025-12-06 12:00:00
4,337,4,145,43.5,1232.5,2025-12-07 12:00:00
4,338,4,122,36.6,1037.0,2025-12-08 12:00:00
4,339,4,262,78.6,2227.0,2025-12-09 12:00:00
4,340,4,246,73.8,2091.0,2025-12-10 12:00:00
4,341,4,150,45.0,1275.0,2025-12-11 12:00:00
4,342,4,111,33.3,943.5,2025-12-12 12:00:00
4,343,4,107,32.1,909.5,2025-12-13 12:00:00
4,344,4,180,54.0,1530.0,2025-12-14 12:00:00
4,345,4,184,55.2,1564.0,2025-12-15 12:00:00
4,346,4,154,46.2,1309.0,2025-12-16 12:00:00
4,347,4,146,43.8,1241.0,2025-12-17 12:00:00
4,348,4,203,60.9,1725.5,2025-12-18 12:00:00
4,349,4,141,42.3,1198.5,2025-12-19 12:00:00
4,350,4,151,45.3,1283.5,2025-12-20 12:00:00
4,351,4,106,31.8,901.0,2025-12-21 12:00:00
4,352,4,230,69.0,1955.0,2025-12-22 12:00:00
4,353,4,102,30.6,867.0,2025-12-23 12:00:00
4,354,4,253,75.9,2150.5,2025-12-24 12:00:00
4,355,4,139,41.7,1181.5,2025-12-25 12:00:00
4,356,4,228,68.4,1938.0,2025-12-26 12:00:00
4,357,4,147,44.1,1249.5,2025-12-27 12:00:00
4,358,4,223,66.9,1895.5,2025-12-28 12:00:00
4,359,4,206,61.8,1751.0,2025-12-29 12:00:00
4,360,4,103,30.9,875.5,2025-12-30 12:00:00
4,361,4,209,62.7,1776.5,2025-13-01 12:00:00
4,362,4,158,47.4,1343.0,2025-13-02 12:00:00
4,363,4,111,33.3,943.5,2025-13-03 12:00:00
4,364,4,145,43.5,1232.5,2025-13-04 12:00:00
4,365,4,155,46.5,1317.5,2025-13-05 12:00:00
5,1,5,162,48.6,1377.0,2025-01-01 12:00:00
5,2,5,218,65.4,1853.0,2025-01-02 12:00:00
5,3,5,160,48.0,1360.0,2025-01-03 12:00:00
5,4,5,103,30.9,875.5,2025-01-04 12:00:00
5,5,5,158,47.4,1343.0,2025-01-05 12:00:00
5,6,5,267,80.1,2269.5,2025-01-06 12:00:00
5,7,5,208,62.4,1768.0,2025-01-07 12:00:00
5,8,5,270,81.0,2295.0,2025-01-08 12:00:00
5,9,5,124,37.2,1054.0,2025-01-09 12:00:00
5,10,5,265,79.5,2252.5,2025-01-10 12:00:00
5,11,5,108,32.4,918.0,2025-01-11 12:00:00
5,12,5,273,81.9,2320.5,2025-01-12 12:00:00
5,13,5,199,59.7,1691.5,2025-01-13 12:00:00
5,14,5,220,66.0,1870.0,2025-01-14 12:00:00
5,15,5,207,62.1,1759.5,2025-01-15 12:00:00
5,16,5,230,69.0,1955.0,2025-01-16 12:00:00
5,17,5,129,38.7,1096.5,2025-01-17 12:00:00
5,18,5,160,48.0,1360.0,2025-01-18 12:00:00
5,19,5,173,51.9,1470.5,2025-01-19 12:00:00
5,20,5,150,45.0,1275.0,2025-01-20 12:00:00
5,21,5,181,54.3,1538.5,2025-01-21 12:00:00
5,22,5,214,64.2,1819.0,2025-01-22 12:00:00
5,23,5,162,48.6,1377.0,2025-01-23 12:00:00
5,24,5,227,68.1,1929.5,2025-01-24 12:00:00
5,25,5,156,46.8,1326.0,2025-01-25 12:00:00
5,26,5,207,62.1,1759.5,2025-01-26 12:00:00
5,27,5,193,57.9,1640.5,2025-01-27 12:00:00
5,28,5,190,57.0,1615.0,2025-01-28 12:00:00
5,29,5,132,39.6,1122.0,2025-01-29 12:00:00
5,30,5,264,79.2,2244.0,2025-01-30 12:00:00
5,31,5,165,49.5,1402.5,2025-02-01 12:00:00
5,32,5,146,43.8,1241.0,2025-02-02 12:00:00
5,33,5,247,74.1,2099.5,2025-02-03 12:00:00
5,34,5,186,55.8,1581.0,2025-02-04 12:00:00
5,35,5,103,30.9,875.5,2025-02-05 12:00:00
5,36,5,186,55.8,1581.0,2025-02-06 12:00:00
5,37,5,242,72.6,2057.0,2025-02-07 12:00:00
5,38,5,196,58.8,1666.0,2025-02-08 12:00:00
5,39,5,185,55.5,1572.5,2025-02-09 12:00:00
5,40,5,281,84.3,2388.5,2025-02-10 12:00:00
5,41,5,244,73.2,2074.0,2025-02-11 12:00:00
5,42,5,236,70.8,2006.0,2025-02-12 12:00:00
5,43,5,176,52.8,1496.0,2025-02-13 12:00:00
5,44,5,214,64.2,1819.0,2025-02-14 12:00:00
5,45,5,233,69.9,1980.5,2025-02-15 12:00:00
5,46,5,230,69.0,1955.0,2025-02-16 12:00:00
5,47,5,219,65.7,1861.5,2025-02-17 12:00:00
5,48,5,137,41.1,1164.5,2025-02-18 12:00:00
5,49,5,199,59.7,1691.5,2025-02-19 12:00:00
5,50,5,211,63.3,1793.5,2025-02-20 12:00:00
5,51,5,246,73.8,2091.0,2025-02-21 12:00:00
5,52,5,183,54.9,1555.5,2025-02-22 12:00:00
5,53,5,124,37.2,1054.0,2025-02-23 12:00:00
5,54,5,187,56.1,1589.5,2025-02-24 12:00:00
5,55,5,201,60.3,1708.5,2025-02-25 12:00:00
5,56,5,289,86.7,2456.5,2025-02-26 12:00:00
5,57,5,182,54.6,1547.0,2025-02-27 12:00:00
5,58,5,230,69.0,1955.0,2025-02-28 12:00:00
5,59,5,118,35.4,1003.0,2025-02-29 12:00:00
5,60,5,127,38.1,1079.5,2025-02-30 12:00:00
5,61,5,210,63.0,1785.0,2025-03-01 12:00:00
5,62,5,162,48.6,1377.0,2025-03-02 12:00:00
5,63,5,223,66.9,1895.5,2025-03-03 12:00:00
5,64,5,260,78.0,2210.0,2025-03-04 12:00:00
5,65,5,281,84.3,2388.5,2025-03-05 12:00:00
5,66,5,200,60.0,1700.0,2025-03-06 12:00:00
5,67,5,129,38.7,1096.5,2025-03-07 12:00:00
5,68,5,163,48.9,1385.5,2025-03-08 12:00:00
5,69,5,219,65.7,1861.5,2025-03-09 12:00:00
5,70,5,228,68.4,1938.0,2025-03-10 12:00:00
5,71,5,152,45.6,1292.0,2025-03-11 12:00:00
5,72,5,177,53.1,1504.5,2025-03-12 12:00:00
5,73,5,167,50.1,1419.5,2025-03-13 12:00:00
5,74,5,101,30.3,858.5,2025-03-14 12:00:00
5,75,5,224,67.2,1904.0,2025-03-15 12:00:00
5,76,5,185,55.5,1572.5,2025-03-16 12:00:00
5,77,5,219,65.7,1861.5,2025-03-17 12:00:00
5,78,5,155,46.5,1317.5,2025-03-18 12:00:00
5,79,5,111,33.3,943.5,2025-03-19 12:00:00
5,80,5,110,33.0,935.0,2025-03-20 12:00:00
5,81,5,149,44.7,1266.5,2025-03-21 12:00:00
5,82,5,288,86.4,2448.0,2025-03-22 12:00:00
5,83,5,147,44.1,1249.5,2025-03-23 12:00:00
5,84,5,240,72.0,2040.0,2025-03-24 12:00:00
5,85,5,236,70.8,2006.0,2025-03-25 12:00:00
5,86,5,134,40.2,1139.0,2025-03-26 12:00:00
5,87,5,164,49.2,1394.0,2025-03-27 12:00:00
5,88,5,144,43.2,1224.0,2025-03-28 12:00:00
5,89,5,215,64.5,1827.5,2025-03-29 12:00:00
5,90,5,215,64.5,1827.5,2025-03-30 12:00:00
5,91,5,146,43.8,1241.0,2025-04-01 12:00:00
5,92,5,204,61.2,1734.0,2025-04-02 12:00:00
5,93,5,165,49.5,1402.5,2025-04-03 12:00:00
5,94,5,232,69.6,1972.0,2025-04-04 12:00:00
5,95,5,160,48.0,1360.0,2025-04-05 12:00:00
5,96,5,177,53.1,1504.5,2025-04-06 12:00:00
5,97,5,271,81.3,2303.5,2025-04-07 12:00:00
5,98,5,231,69.3,1963.5,2025-04-08 12:00:00
5,99,5,249,74.7,2116.5,2025-04-09 12:00:00
5,100,5,166,49.8,1411.0,2025-04-10 12:00:00
5,101,5,230,69.0,1955.0,2025-04-11 12:00:00
5,102,5,244,73.2,2074.0,2025-04-12 12:00:00
5,103,5,171,51.3,1453.5,2025-04-13 12:00:00
5,104,5,145,43.5,1232.5,2025-04-14 12:00:00
5,105,5,284,85.2,2414.0,2025-04-15 12:00:00
5,106,5,105,31.5,892.5,2025-04-16 12:00:00
5,107,5,166,49.8,1411.0,2025-04-17 12:00:00
5,108,5,223,66.9,1895.5,2025-04-18 12:00:00
5,109,5,192,57.6,1632.0,2025-04-19 12:00:00
5,110,5,198,59.4,1683.0,2025-04-20 12:00:00
5,111,5,241,72.3,2048.5,2025-04-21 12:00:00
5,112,5,183,54.9,1555.5,2025-04-22 12:00:00
5,113,5,280,84.0,2380.0,2025-04-23 12:00:00
5,114,5,148,44.4,1258.0,2025-04-24 12:00:00
5,115,5,212,63.6,1802.0,2025-04-25 12:00:00
5,116,5,142,42.6,1207.0,2025-04-26 12:00:00
5,117,5,263,78.9,2235.5,2025-04-27 12:00:00
5,118,5,189,56.7,1606.5,2025-04-28 12:00:00
5,119,5,184,55.2,1564.0,2025-04-29 12:00:00
5,120,5,201,60.3,1708.5,2025-04-30 12:00:00
5,121,5,206,61.8,1751.0,2025-05-01 12:00:00
5,122,5,265,79.5,2252.5,2025-05-02 12:00:00
5,123,5,108,32.4,918.0,2025-05-03 12:00:00
5,124,5,176,52.8,1496.0,2025-05-04 12:00:00
5,125,5,140,42.0,1190.0,2025-05-05 12:00:00
5,126,5,187,56.1,1589.5,2025-05-06 12:00:00
5,127,5,190,57.0,1615.0,2025-05-07 12:00:00
5,128,5,180,54.0,1530.0,2025-05-08 12:00:00
5,129,5,240,72.0,2040.0,2025-05-09 12:00:00
5,130,5,246,73.8,2091.0,2025-05-10 12:00:00
5,131,5,176,52.8,1496.0,2025-05-11 12:00:00
5,132,5,144,43.2,1224.0,2025-05-12 12:00:00
5,133,5,207,62.1,1759.5,2025-05-13 12:00:00
5,134,5,215,64.5,1827.5,2025-05-14 12:00:00
5,135,5,208,62.4,1768.0,2025-05-15 12:00:00
5,136,5,144,43.2,1224.0,2025-05-16 12:00:00
5,137,5,242,72.6,2057.0,2025-05-17 12:00:00
5,138,5,147,44.1,1249.5,2025-05-18 12:00:00
5,139,5,230,69.0,1955.0,2025-05-19 12:00:00
5,140,5,186,55.8,1581.0,2025-05-20 12:00:00
5,141,5,183,54.9,1555.5,2025-05-21 12:00:00
5,142,5,245,73.5,2082.5,2025-05-22 12:00:00
5,143,5,167,50.1,1419.5,2025-05-23 12:00:00
5,144,5,226,67.8,1921.0,2025-05-24 12:00:00
5,145,5,181,54.3,1538.5,2025-05-25 12:00:00
5,146,5,246,73.8,2091.0,2025-05-26 12:00:00
5,147,5,183,54.9,1555.5,2025-05-27 12:00:00
5,148,5,175,52.5,1487.5,2025-05-28 12:00:00
5,149,5,282,84.6,2397.0,2025-05-29 12:00:00
5,150,5,101,30.3,858.5,2025-05-30 12:00:00
5,151,5,150,45.0,1275.0,2025-06-01 12:00:00
5,152,5,109,32.7,926.5,2025-06-02 12:00:00
5,153,5,150,45.0,1275.0,2025-06-03 12:00:00
5,154,5,260,78.0,2210.0,2025-06-04 12:00:00
5,155,5,127,38.1,1079.5,2025-06-05 12:00:00
5,156,5,183,54.9,1555.5,2025-06-06 12:00:00
5,157,5,216,64.8,1836.0,2025-06-07 12:00:00
5,158,5,192,57.6,1632.0,2025-06-08 12:00:00
5,159,5,230,69.0,1955.0,2025-06-09 12:00:00
5,160,5,193,57.9,1640.5,2025-06-10 12:00:00
5,161,5,101,30.3,858.5,2025-06-11 12:00:00
5,162,5,111,33.3,943.5,2025-06-12 12:00:00
5,163,5,164,49.2,1394.0,2025-06-13 12:00:00
5,164,5,184,55.2,1564.0,2025-06-14 12:00:00
5,165,5,200,60.0,1700.0,2025-06-15 12:00:00
5,166,5,201,60.3,1708.5,2025-06-16 12:00:00
5,167,5,226,67.8,1921.0,2025-06-17 12:00:00
5,168,5,162,48.6,1377.0,2025-06-18 12:00:00
5,169,5,177,53.1,1504.5,2025-06-19 12:00:00
5,170,5,246,73.8,2091.0,2025-06-20 12:00:00
5,171,5,198,59.4,1683.0,2025-06-21 12:00:00
5,172,5,218,65.4,1853.0,2025-06-22 12:00:00
5,173,5,221,66.3,1878.5,2025-06-23 12:00:00
5,174,5,197,59.1,1674.5,2025-06-24 12:00:00
5,175,5,178,53.4,1513.0,2025-06-25 12:00:00
5,176,5,162,48.6,1377.0,2025-06-26 12:00:00
5,177,5,243,72.9,2065.5,2025-06-27 12:00:00
5,178,5,147,44.1,1249.5,2025-06-28 12:00:00
5,179,5,196,58.8,1666.0,2025-06-29 12:00:00
5,180,5,239,71.7,2031.5,2025-06-30 12:00:00
5,181,5,133,39.9,1130.5,2025-07-01 12:00:00
5,182,5,146,43.8,1241.0,2025-07-02 12:00:00
5,183,5,155,46.5,1317.5,2025-07-03 12:00:00
5,184,5,146,43.8,1241.0,2025-07-04 12:00:00
5,185,5,158,47.4,1343.0,2025-07-05 12:00:00
5,186,5,245,73.5,2082.5,2025-07-06 12:00:00
5,187,5,225,67.5,1912.5,2025-07-07 12:00:00
5,188,5,148,44.4,1258.0,2025-07-08 12:00:00
5,189,5,137,41.1,1164.5,2025-07-09 12:00:00
5,190,5,235,70.5,1997.5,2025-07-10 12:00:00
5,191,5,215,64.5,1827.5,2025-07-11 12:00:00
5,192,5,204,61.2,1734.0,2025-07-12 12:00:00
5,193,5,212,63.6,1802.0,2025-07-13 12:00:00
5,194,5,168,50.4,1428.0,2025-07-14 12:00:00
5,195,5,227,68.1,1929.5,2025-07-15 12:00:00
5,196,5,206,61.8,1751.0,2025-07-16 12:00:00
5,197,5,144,43.2,1224.0,2025-07-17 12:00:00
5,198,5,206,61.8,1751.0,2025-07-18 12:00:00
5,199,5,190,57.0,1615.0,2025-07-19 12:00:00
5,200,5,105,31.5,892.5,2025-07-20 12:00:00
5,201,5,264,79.2,2244.0,2025-07-21 12:00:00
5,202,5,129,38.7,1096.5,2025-07-22 12:00:00
5,203,5,221,66.3,1878.5,2025-07-23 12:00:00
5,204,5,223,66.9,1895.5,2025-07-24 12:00:00
5,205,5,134,40.2,1139.0,2025-07-25 12:00:00
5,206,5,273,81.9,2320.5,2025-07-26 12:00:00
5,207,5,117,35.1,994.5,2025-07-27 12:00:00
5,208,5,212,63.6,1802.0,2025-07-28 12:00:00
5,209,5,158,47.4,1343.0,2025-07-29 12:00:00
5,210,5,225,67.5,1912.5,2025-07-30 12:00:00
5,211,5,284,85.2,2414.0,2025-08-01 12:00:00
5,212,5,121,36.3,1028.5,2025-08-02 12:00:00
5,213,5,168,50.4,1428.0,2025-08-03 12:00:00
5,214,5,148,44.4,1258.0,2025-08-04 12:00:00
5,215,5,208,62.4,1768.0,2025-08-05 12:00:00
5,216,5,192,57.6,1632.0,2025-08-06 12:00:00
5,217,5,226,67.8,1921.0,2025-08-07 12:00:00
5,218,5,270,81.0,2295.0,2025-08-08 12:00:00
5,219,5,197,59.1,1674.5,2025-08-09 12:00:00
5,220,5,150,45.0,1275.0,2025-08-10 12:00:00
5,221,5,224,67.2,1904.0,2025-08-11 12:00:00
5,222,5,226,67.8,1921.0,2025-08-12 12:00:00
5,223,5,120,36.0,1020.0,2025-08-13 12:00:00
5,224,5,238,71.4,2023.0,2025-08-14 12:00:00
5,225,5,167,50.1,1419.5,2025-08-15 12:00:00
5,226,5,268,80.4,2278.0,2025-08-16 12:00:00
5,227,5,264,79.2,2244.0,2025-08-17 12:00:00
5,228,5,240,72.0,2040.0,2025-08-18 12:00:00
5,229,5,197,59.1,1674.5,2025-08-19 12:00:00
5,230,5,116,34.8,986.0,2025-08-20 12:00:00
5,231,5,181,54.3,1538.5,2025-08-21 12:00:00
5,232,5,118,35.4,1003.0,2025-08-22 12:00:00
5,233,5,184,55.2,1564.0,2025-08-23 12:00:00
5,234,5,127,38.1,1079.5,2025-08-24 12:00:00
5,235,5,244,73.2,2074.0,2025-08-25 12:00:00
5,236,5,217,65.1,1844.5,2025-08-26 12:00:00
5,237,5,203,60.9,1725.5,2025-08-27 12:00:00
5,238,5,256,76.8,2176.0,2025-08-28 12:00:00
5,239,5,110,33.0,935.0,2025-08-29 12:00:00
5,240,5,186,55.8,1581.0,2025-08-30 12:00:00
5,241,5,248,74.4,2108.0,2025-09-01 12:00:00
5,242,5,278,83.4,2363.0,2025-09-02 12:00:00
5,243,5,104,31.2,884.0,2025-09-03 12:00:00
5,244,5,119,35.7,1011.5,2025-09-04 12:00:00
5,245,5,145,43.5,1232.5,2025-09-05 12:00:00
5,246,5,151,45.3,1283.5,2025-09-06 12:00:00
5,247,5,116,34.8,986.0,2025-09-07 12:00:00
5,248,5,286,85.8,2431.0,2025-09-08 12:00:00
5,249,5,187,56.1,1589.5,2025-09-09 12:00:00
5,250,5,151,45.3,1283.5,2025-09-10 12:00:00
5,251,5,201,60.3,1708.5,2025-09-11 12:00:00
5,252,5,242,72.6,2057.0,2025-09-12 12:00:00
5,253,5,221,66.3,1878.5,2025-09-13 12:00:00
5,254,5,143,42.9,1215.5,2025-09-14 12:00:00
5,255,5,208,62.4,1768.0,2025-09-15 12:00:00
5,256,5,147,44.1,1249.5,2025-09-16 12:00:00
5,257,5,171,51.3,1453.5,2025-09-17 12:00:00
5,258,5,220,66.0,1870.0,2025-09-18 12:00:00
5,259,5,212,63.6,1802.0,2025-09-19 12:00:00
5,260,5,195,58.5,1657.5,2025-09-20 12:00:00
5,261,5,246,73.8,2091.0,2025-09-21 12:00:00
5,262,5,166,49.8,1411.0,2025-09-22 12:00:00
5,263,5,208,62.4,1768.0,2025-09-23 12:00:00
5,264,5,130,39.0,1105.0,2025-09-24 12:00:00
5,265,5,253,75.9,2150.5,2025-09-25 12:00:00
5,266,5,232,69.6,1972.0,2025-09-26 12:00:00
5,267,5,206,61.8,1751.0,2025-09-27 12:00:00
5,268,5,277,83.1,2354.5,2025-09-28 12:00:00
5,269,5,163,48.9,1385.5,2025-09-29 12:00:00
5,270,5,174,52.2,1479.0,2025-09-30 12:00:00
5,271,5,169,50.7,1436.5,2025-10-01 12:00:00
5,272,5,186,55.8,1581.0,2025-10-02 12:00:00
5,273,5,118,35.4,1003.0,2025-10-03 12:00:00
5,274,5,107,32.1,909.5,2025-10-04 12:00:00
5,275,5,252,75.6,2142.0,2025-10-05 12:00:00
5,276,5,170,51.0,1445.0,2025-10-06 12:00:00
5,277,5,166,49.8,1411.0,2025-10-07 12:00:00
5,278,5,135,40.5,1147.5,2025-10-08 12:00:00
5,279,5,176,52.8,1496.0,2025-10-09 12:00:00
5,280,5,242,72.6,2057.0,2025-10-10 12:00:00
5,281,5,240,72.0,2040.0,2025-10-11 12:00:00
5,282,5,235,70.5,1997.5,2025-10-12 12:00:00
5,283,5,227,68.1,1929.5,2025-10-13 12:00:00
5,284,5,226,67.8,1921.0,2025-10-14 12:00:00
5,285,5,134,40.2,1139.0,2025-10-15 12:00:00
5,286,5,203,60.9,1725.5,2025-10-16 12:00:00
5,287,5,148,44.4,1258.0,2025-10-17 12:00:00
5,288,5,227,68.1,1929.5,2025-10-18 12:00:00
5,289,5,201,60.3,1708.5,2025-10-19 12:00:00
5,290,5,198,59.4,1683.0,2025-10-20 12:00:00
5,291,5,102,30.6,867.0,2025-10-21 12:00:00
5,292,5,133,39.9,1130.5,2025-10-22 12:00:00
5,293,5,160,48.0,1360.0,2025-10-23 12:00:00
5,294,5,262,78.6,2227.0,2025-10-24 12:00:00
5,295,5,115,34.5,977.5,2025-10-25 12:00:00
5,296,5,244,73.2,2074.0,2025-10-26 12:00:00
5,297,5,263,78.9,2235.5,2025-10-27 12:00:00
5,298,5,201,60.3,1708.5,2025-10-28 12:00:00
5,299,5,112,33.6,952.0,2025-10-29 12:00:00
5,300,5,250,75.0,2125.0,2025-10-30 12:00:00
5,301,5,138,41.4,1173.0,2025-11-01 12:00:00
5,302,5,235,70.5,1997.5,2025-11-02 12:00:00
5,303,5,259,77.7,2201.5,2025-11-03 12:00:00
5,304,5,166,49.8,1411.0,2025-11-04 12:00:00
5,305,5,192,57.6,1632.0,2025-11-05 12:00:00
5,306,5,164,49.2,1394.0,2025-11-06 12:00:00
5,307,5,112,33.6,952.0,2025-11-07 12:00:00
5,308,5,286,85.8,2431.0,2025-11-08 12:00:00
5,309,5,158,47.4,1343.0,2025-11-09 12:00:00
5,310,5,164,49.2,1394.0,2025-11-10 12:00:00
5,311,5,170,51.0,1445.0,2025-11-11 12:00:00
5,312,5,122,36.6,1037.0,2025-11-12 12:00:00
5,313,5,109,32.7,926.5,2025-11-13 12:00:00
5,314,5,153,45.9,1300.5,2025-11-14 12:00:00
5,315,5,287,86.1,2439.5,2025-11-15 12:00:00
5,316,5,113,33.9,960.5,2025-11-16 12:00:00
5,317,5,209,62.7,1776.5,2025-11-17 12:00:00
5,318,5,192,57.6,1632.0,2025-11-18 12:00:00
5,319,5,218,65.4,1853.0,2025-11-19 12:00:00
5,320,5,169,50.7,1436.5,2025-11-20 12:00:00
5,321,5,158,47.4,1343.0,2025-11-21 12:00:00
5,322,5,147,44.1,1249.5,2025-11-22 12:00:00
5,323,5,111,33.3,943.5,2025-11-23 12:00:00
5,324,5,173,51.9,1470.5,2025-11-24 12:00:00
5,325,5,197,59.1,1674.5,2025-11-25 12:00:00
5,326,5,204,61.2,1734.0,2025-11-26 12:00:00
5,327,5,148,44.4,1258.0,2025-11-27 12:00:00
5,328,5,192,57.6,1632.0,2025-11-28 12:00:00
5,329,5,157,47.1,1334.5,2025-11-29 12:00:00
5,330,5,177,53.1,1504.5,2025-11-30 12:00:00
5,331,5,186,55.8,1581.0,2025-12-01 12:00:00
5,332,5,189,56.7,1606.5,2025-12-02 12:00:00
5,333,5,233,69.9,1980.5,2025-12-03 12:00:00
5,334,5,220,66.0,1870.0,2025-12-04 12:00:00
5,335,5,220,66.0,1870.0,2025-12-05 12:00:00
5,336,5,206,61.8,1751.0,2025-12-06 12:00:00
5,337,5,276,82.8,2346.0,2025-12-07 12:00:00
5,338,5,239,71.7,2031.5,2025-12-08 12:00:00
5,339,5,242,72.6,2057.0,2025-12-09 12:00:00
5,340,5,280,84.0,2380.0,2025-12-10 12:00:00
5,341,5,251,75.3,2133.5,2025-12-11 12:00:00
5,342,5,284,85.2,2414.0,2025-12-12 12:00:00
5,343,5,199,59.7,1691.5,2025-12-13 12:00:00
5,344,5,259,77.7,2201.5,2025-12-14 12:00:00
5,345,5,277,83.1,2354.5,2025-12-15 12:00:00
5,346,5,122,36.6,1037.0,2025-12-16 12:00:00
5,347,5,288,86.4,2448.0,2025-12-17 12:00:00
5,348,5,112,33.6,952.0,2025-12-18 12:00:00
5,349,5,123,36.9,1045.5,2025-12-19 12:00:00
5,350,5,110,33.0,935.0,2025-12-20 12:00:00
5,351,5,124,37.2,1054.0,2025-12-21 12:00:00
5,352,5,120,36.0,1020.0,2025-12-22 12:00:00
5,353,5,279,83.7,2371.5,2025-12-23 12:00:00
5,354,5,141,42.3,1198.5,2025-12-24 12:00:00
5,355,5,200,60.0,1700.0,2025-12-25 12:00:00
5,356,5,187,56.1,1589.5,2025-12-26 12:00:00
5,357,5,127,38.1,1079.5,2025-12-27 12:00:00
5,358,5,198,59.4,1683.0,2025-12-28 12:00:00
5,359,5,245,73.5,2082.5,2025-12-29 12:00:00
5,360,5,204,61.2,1734.0,2025-12-30 12:00:00
5,361,5,112,33.6,952.0,2025-13-01 12:00:00
5,362,5,240,72.0,2040.0,2025-13-02 12:00:00
5,363,5,130,39.0,1105.0,2025-13-03 12:00:00
5,364,5,115,34.5,977.5,2025-13-04 12:00:00
5,365,5,172,51.6,1462.0,2025-13-05 12:00:00
